family,size_parameter,offset,beta,mae,limit_mae
barbell,100,-2.0,7.210340371976184,0.49251512884849546,0.5
barbell,100,-1.95,7.260340371976183,0.49251502500791217,0.5
barbell,100,-1.9,7.310340371976183,0.4925149065467973,0.5
barbell,100,-1.85,7.360340371976184,0.4925147672785357,0.5
barbell,100,-1.8,7.410340371976184,0.49251459881373927,0.5
barbell,100,-1.75,7.460340371976184,0.4925143898262482,0.5
barbell,100,-1.7,7.510340371976183,0.49251412509414977,0.5
barbell,100,-1.65,7.560340371976183,0.4925137842533239,0.5
barbell,100,-1.6,7.610340371976184,0.492513340185642,0.5
barbell,100,-1.55,7.660340371976184,0.49251275694535496,0.5
barbell,100,-1.5,7.710340371976184,0.4925119871048496,0.5
barbell,100,-1.45,7.760340371976183,0.49251096837427044,0.5
barbell,100,-1.4,7.810340371976183,0.49250961931785014,0.5
barbell,100,-1.35,7.860340371976184,0.4925078339524927,0.5
barbell,100,-1.2999999999999998,7.910340371976184,0.4925054749705026,0.5
barbell,100,-1.25,7.960340371976184,0.4925023652776355,0.5
barbell,100,-1.2,8.010340371976184,0.4924982774790964,0.5
barbell,100,-1.15,8.060340371976183,0.49249292087908736,0.5
barbell,100,-1.1,8.110340371976184,0.4924859254833271,0.5
barbell,100,-1.0499999999999998,8.160340371976183,0.4924768224081305,0.5
barbell,100,-1.0,8.210340371976184,0.4924650200038234,0.5
barbell,100,-0.95,8.260340371976184,0.4924497748943661,0.5
barbell,100,-0.8999999999999999,8.310340371976183,0.49243015701940607,0.5
barbell,100,-0.8499999999999999,8.360340371976184,0.4924050076403874,0.5
barbell,100,-0.7999999999999998,8.410340371976183,0.4923728891403554,0.5
barbell,100,-0.75,8.460340371976184,0.4923320253102581,0.5
barbell,100,-0.7,8.510340371976184,0.4922802306766601,0.5
barbell,100,-0.6499999999999999,8.560340371976183,0.4922148272924499,0.5
barbell,100,-0.5999999999999999,8.610340371976184,0.49213254729119826,0.5
barbell,100,-0.5499999999999998,8.660340371976183,0.49202941940814676,0.5
barbell,100,-0.5,8.710340371976184,0.4919006376111579,0.5
barbell,100,-0.44999999999999996,8.760340371976184,0.49174040998297536,0.5
barbell,100,-0.3999999999999999,8.810340371976183,0.49154178607777477,0.5
barbell,100,-0.34999999999999987,8.860340371976184,0.4912964611738607,0.5
barbell,100,-0.2999999999999998,8.910340371976183,0.4909945562034697,0.5
barbell,100,-0.25,8.960340371976184,0.49062437271392684,0.5
barbell,100,-0.19999999999999996,9.010340371976184,0.49017212306832064,0.5
barbell,100,-0.1499999999999999,9.060340371976183,0.489621637308094,0.5
barbell,100,-0.09999999999999987,9.110340371976184,0.4889540497672708,0.5
barbell,100,-0.04999999999999982,9.160340371976183,0.48814747075182197,0.5
barbell,100,0.0,9.210340371976184,0.48717665148632355,0.5
barbell,100,0.050000000000000266,9.260340371976184,0.48601265418643985,0.5
barbell,100,0.10000000000000009,9.310340371976183,0.4846225436195746,0.5
barbell,100,0.1499999999999999,9.360340371976184,0.48296912189701496,0.5
barbell,100,0.20000000000000018,9.410340371976183,0.48101073444059067,0.5
barbell,100,0.25,9.460340371976184,0.47870118188738153,0.5
barbell,100,0.30000000000000027,9.510340371976184,0.4759897797368471,0.5
barbell,100,0.3500000000000001,9.560340371976183,0.47282161413186685,0.5
barbell,100,0.40000000000000036,9.610340371976184,0.4691380472829858,0.5
barbell,100,0.4500000000000002,9.660340371976183,0.4648775282910716,0.5
barbell,100,0.5,9.710340371976184,0.45997676271468746,0.5
barbell,100,0.5500000000000003,9.760340371976184,0.4543722851008106,0.5
barbell,100,0.6000000000000001,9.810340371976183,0.4480024607427628,0.5
barbell,100,0.6500000000000004,9.860340371976184,0.44080991440716105,0.5
barbell,100,0.7000000000000002,9.910340371976183,0.43274434390687055,0.5
barbell,100,0.75,9.960340371976184,0.42376562611115015,0.5
barbell,100,0.8000000000000003,10.010340371976184,0.41384706562885,0.5
barbell,100,0.8500000000000001,10.060340371976183,0.40297857825292543,0.5
barbell,100,0.9000000000000004,10.110340371976184,0.3911695514671715,0.5
barbell,100,0.9500000000000002,10.160340371976183,0.37845109401451277,0.5
barbell,100,1.0,10.210340371976184,0.3648773868994512,0.5
barbell,100,1.0500000000000003,10.260340371976184,0.3505258877367383,0.5
barbell,100,1.1,10.310340371976183,0.33549622181826344,0.5
barbell,100,1.1500000000000004,10.360340371976184,0.31990771129596324,0.5
barbell,100,1.2000000000000002,10.410340371976183,0.30389563435192685,0.5
barbell,100,1.25,10.460340371976184,0.28760644804720564,0.5
barbell,100,1.3000000000000003,10.510340371976184,0.2711923277971181,0.5
barbell,100,1.35,10.560340371976183,0.2548054519635478,0.5
barbell,100,1.4000000000000004,10.610340371976184,0.23859247878325782,0.0
barbell,100,1.4500000000000002,10.660340371976183,0.22268962296248276,0.0
barbell,100,1.5,10.710340371976184,0.20721865038865087,0.0
barbell,100,1.5500000000000003,10.760340371976184,0.19228398965836635,0.0
barbell,100,1.6,10.810340371976183,0.17797103022393035,0.0
barbell,100,1.6500000000000004,10.860340371976184,0.164345559097782,0.0
barbell,100,1.7000000000000002,10.910340371976183,0.15145419594162499,0.0
barbell,100,1.75,10.960340371976184,0.1393256274255148,0.0
barbell,100,1.8000000000000003,11.010340371976184,0.1279724163551168,0.0
barbell,100,1.85,11.060340371976183,0.1173931643171221,0.0
barbell,100,1.9000000000000004,11.110340371976184,0.1075748306316523,0.0
barbell,100,1.9500000000000002,11.160340371976183,0.09849504666939607,0.0
barbell,100,2.0,11.210340371976184,0.09012430546395937,0.0
barbell,100,2.05,11.260340371976184,0.08242794622722811,0.0
barbell,100,2.1000000000000005,11.310340371976185,0.07536788812935236,0.0
barbell,100,2.1500000000000004,11.360340371976184,0.0689040956762676,0.0
barbell,100,2.2,11.410340371976183,0.06299577878440643,0.0
barbell,100,2.25,11.460340371976184,0.057602344742916374,0.0
barbell,100,2.3,11.510340371976184,0.05268412771391829,0.0
barbell,100,2.3500000000000005,11.560340371976185,0.0482029254843355,0.0
barbell,100,2.4000000000000004,11.610340371976184,0.044122374051143796,0.0
barbell,100,2.45,11.660340371976183,0.04040818934515155,0.0
barbell,100,2.5,11.710340371976184,0.037028302822200466,0.0
barbell,100,2.55,11.760340371976184,0.03395291441195052,0.0
barbell,100,2.6000000000000005,11.810340371976185,0.031154482863374806,0.0
barbell,100,2.6500000000000004,11.860340371976184,0.0286076701590083,0.0
barbell,100,2.7,11.910340371976183,0.026289253564950668,0.0
barbell,100,2.75,11.960340371976184,0.02417801613249265,0.0
barbell,100,2.8000000000000007,12.010340371976184,0.022254624102935328,0.0
barbell,100,2.8500000000000005,12.060340371976185,0.02050149768452699,0.0
barbell,100,2.9000000000000004,12.110340371976184,0.01890268004181205,0.0
barbell,100,2.95,12.160340371976183,0.017443708023925163,0.0
barbell,100,3.0,12.210340371976184,0.01611148711611224,0.0
barbell,100,3.0500000000000007,12.260340371976184,0.014894172285024447,0.0
barbell,100,3.1000000000000005,12.310340371976185,0.013781055763220845,0.0
barbell,100,3.1500000000000004,12.360340371976184,0.01276246234628047,0.0
barbell,100,3.2,12.410340371976183,0.011829652426349589,0.0
barbell,100,3.25,12.460340371976184,0.010974732732985002,0.0
barbell,100,3.3000000000000007,12.510340371976184,0.010190574574466206,0.0
barbell,100,3.3500000000000005,12.560340371976185,0.009470739252933048,0.0
barbell,100,3.4000000000000004,12.610340371976184,0.008809410250836988,0.0
barbell,100,3.45,12.660340371976183,0.00820133174314685,0.0
barbell,100,3.5,12.710340371976184,0.007641752970956189,0.0
barbell,100,3.5500000000000007,12.760340371976184,0.00712637801078776,0.0
barbell,100,3.6000000000000005,12.810340371976185,0.0066513204849794885,0.0
barbell,100,3.6500000000000004,12.860340371976184,0.006213062778087468,0.0
barbell,100,3.7,12.910340371976183,0.005808419349307826,0.0
barbell,100,3.75,12.960340371976184,0.0054345037590415425,0.0
barbell,100,3.8000000000000007,13.010340371976184,0.005088699057011615,0.0
barbell,100,3.8500000000000005,13.060340371976185,0.004768631208008414,0.0
barbell,100,3.9000000000000004,13.110340371976184,0.004472145258203564,0.0
barbell,100,3.95,13.160340371976183,0.004197283969134097,0.0
barbell,100,4.0,13.210340371976184,0.003942268667689497,0.0
barbell,10000,-2.0,16.420680743952367,0.4999250012527802,0.5
barbell,10000,-1.95,16.470680743952368,0.499925001252713,0.5
barbell,10000,-1.9,16.52068074395237,0.49992500125264705,0.5
barbell,10000,-1.85,16.570680743952366,0.4999250012525824,0.5
barbell,10000,-1.8,16.620680743952366,0.49992500125251793,0.5
barbell,10000,-1.75,16.670680743952367,0.4999250012524519,0.5
barbell,10000,-1.7,16.720680743952368,0.4999250012523796,0.5
barbell,10000,-1.65,16.77068074395237,0.4999250012522907,0.5
barbell,10000,-1.6,16.820680743952366,0.4999250012521625,0.5
barbell,10000,-1.55,16.870680743952366,0.49992500125194284,0.5
barbell,10000,-1.5,16.920680743952367,0.4999250012515192,0.5
barbell,10000,-1.45,16.970680743952368,0.49992500125064915,0.5
barbell,10000,-1.4,17.02068074395237,0.4999250012488229,0.5
barbell,10000,-1.35,17.070680743952366,0.49992500124498185,0.5
barbell,10000,-1.2999999999999998,17.120680743952366,0.4999250012369638,0.5
barbell,10000,-1.25,17.170680743952367,0.49992500122043004,0.5
barbell,10000,-1.2,17.220680743952368,0.4999250011868019,0.5
barbell,10000,-1.15,17.27068074395237,0.4999250011193818,0.5
barbell,10000,-1.1,17.320680743952366,0.49992500098615494,0.5
barbell,10000,-1.0499999999999998,17.370680743952366,0.4999250007266434,0.5
barbell,10000,-1.0,17.420680743952367,0.49992500022824315,0.5
barbell,10000,-0.95,17.470680743952368,0.4999249992842504,0.5
barbell,10000,-0.8999999999999999,17.52068074395237,0.49992499752046526,0.5
barbell,10000,-0.8499999999999999,17.570680743952366,0.4999249942686218,0.5
barbell,10000,-0.7999999999999998,17.620680743952366,0.4999249883510907,0.5
barbell,10000,-0.75,17.670680743952367,0.49992497771953276,0.5
barbell,10000,-0.7,17.720680743952368,0.49992495885633237,0.5
barbell,10000,-0.6499999999999999,17.77068074395237,0.4999249257957491,0.5
barbell,10000,-0.5999999999999999,17.820680743952366,0.49992486854323026,0.5
barbell,10000,-0.5499999999999998,17.870680743952366,0.49992477055413653,0.5
barbell,10000,-0.5,17.920680743952367,0.4999246047605185,0.5
barbell,10000,-0.44999999999999996,17.970680743952368,0.49992432738350645,0.5
barbell,10000,-0.3999999999999999,18.02068074395237,0.49992386840834163,0.5
barbell,10000,-0.34999999999999987,18.070680743952366,0.49992311708776443,0.5
barbell,10000,-0.2999999999999998,18.120680743952366,0.4999219001232765,0.5
barbell,10000,-0.25,18.170680743952367,0.49991994918273297,0.5
barbell,10000,-0.19999999999999996,18.220680743952368,0.49991685305797173,0.5
barbell,10000,-0.1499999999999999,18.27068074395237,0.49991198793656466,0.5
barbell,10000,-0.09999999999999987,18.320680743952366,0.49990441682104264,0.5
barbell,10000,-0.04999999999999982,18.370680743952366,0.49989274591351524,0.5
barbell,10000,0.0,18.420680743952367,0.49987492160290176,0.5
barbell,10000,0.050000000000000266,18.470680743952368,0.49984794633226337,0.5
barbell,10000,0.10000000000000009,18.52068074395237,0.49980748486014337,0.5
barbell,10000,0.1499999999999999,18.570680743952366,0.4997473240515066,0.5
barbell,10000,0.20000000000000018,18.620680743952366,0.4996586391932229,0.5
barbell,10000,0.25,18.670680743952367,0.49952900793135885,0.5
barbell,10000,0.30000000000000027,18.720680743952368,0.4993410995888152,0.5
barbell,10000,0.3500000000000001,18.77068074395237,0.4990709537364144,0.5
barbell,10000,0.40000000000000036,18.820680743952366,0.49868574937169724,0.5
barbell,10000,0.4500000000000002,18.870680743952366,0.49814095853668094,0.5
barbell,10000,0.5,18.920680743952367,0.4973767820770674,0.5
barbell,10000,0.5500000000000003,18.970680743952368,0.4963137911636858,0.5
barbell,10000,0.6000000000000001,19.02068074395237,0.4948477629483402,0.5
barbell,10000,0.6500000000000004,19.070680743952366,0.49284382713165714,0.5
barbell,10000,0.7000000000000002,19.120680743952366,0.49013026595066966,0.5
barbell,10000,0.75,19.170680743952367,0.4864926728749172,0.5
barbell,10000,0.8000000000000003,19.220680743952368,0.4816697097455703,0.5
barbell,10000,0.8500000000000001,19.27068074395237,0.4753524107878785,0.5
barbell,10000,0.9000000000000004,19.320680743952366,0.46718978468444056,0.5
barbell,10000,0.9500000000000002,19.370680743952366,0.456804124142431,0.5
barbell,10000,1.0,19.420680743952367,0.44381947256135107,0.5
barbell,10000,1.0500000000000003,19.470680743952368,0.4279054083905308,0.5
barbell,10000,1.1,19.52068074395237,0.40883494957153,0.5
barbell,10000,1.1500000000000004,19.570680743952366,0.38654973853229463,0.5
barbell,10000,1.2000000000000002,19.620680743952366,0.3612188766186307,0.5
barbell,10000,1.25,19.670680743952367,0.33327284425785253,0.5
barbell,10000,1.3000000000000003,19.720680743952368,0.30339497769130896,0.5
barbell,10000,1.35,19.77068074395237,0.2724625699462471,0.5
barbell,10000,1.4000000000000004,19.820680743952366,0.24144578289558757,0.0
barbell,10000,1.4500000000000002,19.870680743952366,0.21128801774934022,0.0
barbell,10000,1.5,19.920680743952367,0.18279789103351227,0.0
barbell,10000,1.5500000000000003,19.970680743952368,0.1565770552454174,0.0
barbell,10000,1.6,20.02068074395237,0.13299370556572787,0.0
barbell,10000,1.6500000000000004,20.070680743952366,0.11219670619570732,0.0
barbell,10000,1.7000000000000002,20.120680743952366,0.09415619236113033,0.0
barbell,10000,1.75,20.170680743952367,0.07871484296195902,0.0
barbell,10000,1.8000000000000003,20.220680743952368,0.0656375152185577,0.0
barbell,10000,1.85,20.27068074395237,0.05465221811345918,0.0
barbell,10000,1.9000000000000004,20.320680743952366,0.04548003317496334,0.0
barbell,10000,1.9500000000000002,20.370680743952366,0.03785458561141339,0.0
barbell,10000,2.0,20.420680743952367,0.03153308370088513,0.0
barbell,10000,2.05,20.470680743952368,0.026301269185265045,0.0
barbell,10000,2.1000000000000005,20.52068074395237,0.02197436682161967,0.0
barbell,10000,2.1500000000000004,20.570680743952366,0.01839565260475982,0.0
barbell,10000,2.2,20.620680743952366,0.01543378293326635,0.0
barbell,10000,2.25,20.670680743952367,0.012979630133257538,0.0
barbell,10000,2.3,20.720680743952368,0.010943074931821612,0.0
barbell,10000,2.3500000000000005,20.77068074395237,0.009250003866692735,0.0
barbell,10000,2.4000000000000004,20.820680743952366,0.007839628933683597,0.0
barbell,10000,2.45,20.870680743952366,0.006662167457677971,0.0
barbell,10000,2.5,20.920680743952367,0.005676875325430441,0.0
barbell,10000,2.55,20.970680743952368,0.0048504038410711455,0.0
barbell,10000,2.6000000000000005,21.02068074395237,0.00415544092091466,0.0
barbell,10000,2.6500000000000004,21.070680743952366,0.0035695954533274546,0.0
barbell,10000,2.7,21.120680743952366,0.0030744858293322297,0.0
barbell,10000,2.75,21.170680743952367,0.002654997729039014,0.0
barbell,10000,2.8000000000000007,21.220680743952368,0.002298680969566135,0.0
barbell,10000,2.8500000000000005,21.27068074395237,0.0019952598946670667,0.0
barbell,10000,2.9000000000000004,21.320680743952366,0.0017362360732141968,0.0
barbell,10000,2.95,21.370680743952366,0.0015145658329782912,0.0
barbell,10000,3.0,21.420680743952367,0.001324398360035344,0.0
barbell,10000,3.0500000000000007,21.470680743952368,0.0011608627728154604,0.0
barbell,10000,3.1000000000000005,21.52068074395237,0.0010198947899453686,0.0
barbell,10000,3.1500000000000004,21.570680743952366,0.0008980954177134921,0.0
barbell,10000,3.2,21.620680743952366,0.0007926155502228584,0.0
barbell,10000,3.25,21.670680743952367,0.0007010615614875562,0.0
barbell,10000,3.3000000000000007,21.720680743952368,0.0006214179247713285,0.0
barbell,10000,3.3500000000000005,21.77068074395237,0.0005519836634798948,0.0
barbell,10000,3.4000000000000004,21.820680743952366,0.0004913200558648713,0.0
barbell,10000,3.45,21.870680743952366,0.0004382075120749608,0.0
barbell,10000,3.5,21.920680743952367,0.0003916099407052073,0.0
barbell,10000,3.5500000000000007,21.970680743952368,0.00035064524233924715,0.0
barbell,10000,3.6000000000000005,22.02068074395237,0.00031456082518741837,0.0
barbell,10000,3.6500000000000004,22.070680743952366,0.00028271324533002813,0.0
barbell,10000,3.7,22.120680743952366,0.00025455124124596444,0.0
barbell,10000,3.75,22.170680743952367,0.00022960156728135173,0.0
barbell,10000,3.8000000000000007,22.220680743952368,0.00020745713979478317,0.0
barbell,10000,3.8500000000000005,22.27068074395237,0.00018776709807679843,0.0
barbell,10000,3.9000000000000004,22.320680743952366,0.0001702284538089978,0.0
barbell,10000,3.95,22.370680743952366,0.000154579061058666,0.0
barbell,10000,4.0,22.420680743952367,0.00014059168622676364,0.0
barbell,100000000,-2.0,34.841361487904734,0.4999999925000001,0.5
barbell,100000000,-1.95,34.89136148790473,0.4999999925000001,0.5
barbell,100000000,-1.9,34.941361487904736,0.4999999925000001,0.5
barbell,100000000,-1.85,34.99136148790473,0.4999999925000001,0.5
barbell,100000000,-1.8,35.04136148790474,0.4999999925000001,0.5
barbell,100000000,-1.75,35.091361487904734,0.4999999925000001,0.5
barbell,100000000,-1.7,35.14136148790473,0.4999999925000001,0.5
barbell,100000000,-1.65,35.191361487904736,0.4999999925000001,0.5
barbell,100000000,-1.6,35.24136148790473,0.4999999925000001,0.5
barbell,100000000,-1.55,35.29136148790474,0.4999999925000001,0.5
barbell,100000000,-1.5,35.341361487904734,0.4999999925000001,0.5
barbell,100000000,-1.45,35.39136148790473,0.4999999925000001,0.5
barbell,100000000,-1.4,35.441361487904736,0.4999999925000001,0.5
barbell,100000000,-1.35,35.49136148790473,0.4999999925000001,0.5
barbell,100000000,-1.2999999999999998,35.54136148790474,0.4999999925000001,0.5
barbell,100000000,-1.25,35.591361487904734,0.4999999925000001,0.5
barbell,100000000,-1.2,35.64136148790473,0.4999999925000001,0.5
barbell,100000000,-1.15,35.691361487904736,0.4999999925000001,0.5
barbell,100000000,-1.1,35.74136148790473,0.4999999925000001,0.5
barbell,100000000,-1.0499999999999998,35.79136148790474,0.4999999925000001,0.5
barbell,100000000,-1.0,35.841361487904734,0.4999999925000001,0.5
barbell,100000000,-0.95,35.89136148790473,0.4999999925000001,0.5
barbell,100000000,-0.8999999999999999,35.941361487904736,0.4999999925000001,0.5
barbell,100000000,-0.8499999999999999,35.99136148790473,0.4999999925000001,0.5
barbell,100000000,-0.7999999999999998,36.04136148790474,0.4999999925000001,0.5
barbell,100000000,-0.75,36.091361487904734,0.4999999924999994,0.5
barbell,100000000,-0.7,36.14136148790473,0.49999999249999827,0.5
barbell,100000000,-0.6499999999999999,36.191361487904736,0.4999999924999934,0.5
barbell,100000000,-0.5999999999999999,36.24136148790473,0.4999999924999791,0.5
barbell,100000000,-0.5499999999999998,36.29136148790474,0.4999999924999323,0.5
barbell,100000000,-0.5,36.341361487904734,0.4999999924997886,0.5
barbell,100000000,-0.44999999999999996,36.39136148790473,0.4999999924993559,0.5
barbell,100000000,-0.3999999999999999,36.441361487904736,0.49999999249808647,0.5
barbell,100000000,-0.34999999999999987,36.49136148790473,0.49999999249445265,0.5
barbell,100000000,-0.2999999999999998,36.54136148790474,0.4999999924843017,0.5
barbell,100000000,-0.25,36.591361487904734,0.499999992456615,0.5
barbell,100000000,-0.19999999999999996,36.64136148790473,0.4999999923828346,0.5
barbell,100000000,-0.1499999999999999,36.691361487904736,0.4999999921906362,0.5
barbell,100000000,-0.09999999999999987,36.74136148790473,0.4999999917009499,0.5
barbell,100000000,-0.04999999999999982,36.79136148790474,0.4999999904800745,0.5
barbell,100000000,0.0,36.841361487904734,0.49999998749999836,0.5
barbell,100000000,0.050000000000000266,36.89136148790473,0.4999999803747607,0.5
barbell,100000000,0.10000000000000009,36.941361487904736,0.49999996367942245,0.5
barbell,100000000,0.1499999999999999,36.99136148790473,0.49999992532474846,0.5
barbell,100000000,0.20000000000000018,37.04136148790474,0.49999983889421373,0.5
barbell,100000000,0.25,37.091361487904734,0.4999996477610861,0.5
barbell,100000000,0.30000000000000027,37.14136148790473,0.49999923279359204,0.5
barbell,100000000,0.3500000000000001,37.191361487904736,0.4999983479092547,0.5
barbell,100000000,0.40000000000000036,37.24136148790473,0.49999649380716876,0.5
barbell,100000000,0.4500000000000002,37.29136148790474,0.49999267497071764,0.5
barbell,100000000,0.5,37.341361487904734,0.4999849401720544,0.5
barbell,100000000,0.5500000000000003,37.39136148790473,0.49996952844218345,0.5
barbell,100000000,0.6000000000000001,37.441361487904736,0.49993930849592155,0.5
barbell,100000000,0.6500000000000004,37.49136148790473,0.4998809748218347,0.5
barbell,100000000,0.7000000000000002,37.54136148790474,0.4997700948799869,0.5
barbell,100000000,0.75,37.591361487904734,0.49956251327599893,0.5
barbell,100000000,0.8000000000000003,37.64136148790473,0.4991797145821628,0.5
barbell,100000000,0.8500000000000001,37.691361487904736,0.4984844401206082,0.5
barbell,100000000,0.9000000000000004,37.74136148790473,0.4972411767661953,0.5
barbell,100000000,0.9500000000000002,37.79136148790474,0.49505455278891536,0.5
barbell,100000000,1.0,37.841361487904734,0.4912788793514899,0.5
barbell,100000000,1.0500000000000003,37.89136148790473,0.4848986649660976,0.5
barbell,100000000,1.1,37.941361487904736,0.4744029547892881,0.5
barbell,100000000,1.1500000000000004,37.99136148790473,0.4577315928796869,0.5
barbell,100000000,1.2000000000000002,38.04136148790474,0.43246531844436437,0.5
barbell,100000000,1.25,38.091361487904734,0.3965042030501245,0.5
barbell,100000000,1.3000000000000003,38.14136148790473,0.34932271200896203,0.5
barbell,100000000,1.35,38.191361487904736,0.29327193301561155,0.5
barbell,100000000,1.4000000000000004,38.24136148790473,0.23370031076396536,0.0
barbell,100000000,1.4500000000000002,38.29136148790474,0.1771451132538176,0.0
barbell,100000000,1.5,38.341361487904734,0.1287021169751705,0.0
barbell,100000000,1.5500000000000003,38.39136148790473,0.09057055382535424,0.0
barbell,100000000,1.6,38.441361487904736,0.06239324331060272,0.0
barbell,100000000,1.6500000000000004,38.49136148790473,0.04245543615061644,0.0
barbell,100000000,1.7000000000000002,38.54136148790474,0.028728967555591355,0.0
barbell,100000000,1.75,38.591361487904734,0.019425270213063638,0.0
barbell,100000000,1.8000000000000003,38.64136148790473,0.013166125916059234,0.0
barbell,100000000,1.85,38.691361487904736,0.00896365267796994,0.0
barbell,100000000,1.9000000000000004,38.74136148790473,0.006137697750948782,0.0
barbell,100000000,1.9500000000000002,38.79136148790474,0.0042301436111127945,0.0
barbell,100000000,2.0,38.841361487904734,0.0029357905180879547,0.0
barbell,100000000,2.05,38.89136148790473,0.0020521695303968857,0.0
barbell,100000000,2.1000000000000005,38.941361487904736,0.0014449656691216742,0.0
barbell,100000000,2.1500000000000004,38.99136148790473,0.001024843231511677,0.0
barbell,100000000,2.2,39.04136148790474,0.0007321296021586963,0.0
barbell,100000000,2.25,39.091361487904734,0.0005267549613452582,0.0
barbell,100000000,2.3,39.14136148790473,0.00038165353907057054,0.0
barbell,100000000,2.3500000000000005,39.191361487904736,0.00027842865091713703,0.0
barbell,100000000,2.4000000000000004,39.24136148790473,0.00020449519042816785,0.0
barbell,100000000,2.45,39.29136148790474,0.00015118740458655567,0.0
barbell,100000000,2.5,39.341361487904734,0.0001124992262316849,0.0
barbell,100000000,2.55,39.39136148790473,8.424088486383491e-05,0.0
barbell,100000000,2.6000000000000005,39.441361487904736,6.347084111635923e-05,0.0
barbell,100000000,2.6500000000000004,39.49136148790473,4.811082030681951e-05,0.0
barbell,100000000,2.7,39.54136148790474,3.668331725380064e-05,0.0
barbell,100000000,2.75,39.591361487904734,2.8131506176991464e-05,0.0
barbell,100000000,2.8000000000000007,39.64136148790473,2.169493000602145e-05,0.0
barbell,100000000,2.8500000000000005,39.691361487904736,1.682317336112496e-05,0.0
barbell,100000000,2.9000000000000004,39.74136148790473,1.3115555632065652e-05,0.0
barbell,100000000,2.95,39.79136148790474,1.0278754226674917e-05,0.0
barbell,100000000,3.0,39.841361487904734,8.0968554812766e-06,0.0
barbell,100000000,3.0500000000000007,39.89136148790473,6.410068941268535e-06,0.0
barbell,100000000,3.1000000000000005,39.941361487904736,5.099515060522256e-06,0.0
barbell,100000000,3.1500000000000004,39.99136148790473,4.076294311521353e-06,0.0
barbell,100000000,3.2,40.04136148790474,3.2735908940419075e-06,0.0
barbell,100000000,3.25,40.091361487904734,2.6409388338561218e-06,0.0
barbell,100000000,3.3000000000000007,40.14136148790473,2.1400370228400065e-06,0.0
barbell,100000000,3.3500000000000005,40.191361487904736,1.7416794905326663e-06,0.0
barbell,100000000,3.4000000000000004,40.24136148790473,1.4234926825932559e-06,0.0
barbell,100000000,3.45,40.29136148790474,1.1682595831588694e-06,0.0
barbell,100000000,3.5,40.341361487904734,9.626726530698433e-07,0.0
barbell,100000000,3.5500000000000007,40.39136148790473,7.964015893720647e-07,0.0
barbell,100000000,3.6000000000000005,40.441361487904736,6.613932901830079e-07,0.0
barbell,100000000,3.6500000000000004,40.49136148790473,5.513438661552367e-07,0.0
barbell,100000000,3.7,40.54136148790474,4.612986959584595e-07,0.0
barbell,100000000,3.75,40.591361487904734,3.8734819164508863e-07,0.0
barbell,100000000,3.8000000000000007,40.64136148790473,3.2639540876745137e-07,0.0
barbell,100000000,3.8500000000000005,40.691361487904736,2.759778176144924e-07,0.0
barbell,100000000,3.9000000000000004,40.74136148790473,2.3413006654667085e-07,0.0
barbell,100000000,3.95,40.79136148790474,1.992779012972412e-07,0.0
barbell,100000000,4.0,40.841361487904734,1.701558485971384e-07,0.0
barbell,1000000000000000000000000,-2.0,108.52408446371419,0.5,0.5
barbell,1000000000000000000000000,-1.95,108.57408446371419,0.5,0.5
barbell,1000000000000000000000000,-1.9,108.62408446371418,0.5,0.5
barbell,1000000000000000000000000,-1.85,108.6740844637142,0.5,0.5
barbell,1000000000000000000000000,-1.8,108.72408446371419,0.5,0.5
barbell,1000000000000000000000000,-1.75,108.77408446371419,0.5,0.5
barbell,1000000000000000000000000,-1.7,108.82408446371419,0.5,0.5
barbell,1000000000000000000000000,-1.65,108.87408446371418,0.5,0.5
barbell,1000000000000000000000000,-1.6,108.9240844637142,0.5,0.5
barbell,1000000000000000000000000,-1.55,108.97408446371419,0.5,0.5
barbell,1000000000000000000000000,-1.5,109.02408446371419,0.5,0.5
barbell,1000000000000000000000000,-1.45,109.07408446371419,0.5,0.5
barbell,1000000000000000000000000,-1.4,109.12408446371418,0.5,0.5
barbell,1000000000000000000000000,-1.35,109.1740844637142,0.5,0.5
barbell,1000000000000000000000000,-1.2999999999999998,109.22408446371419,0.5,0.5
barbell,1000000000000000000000000,-1.25,109.27408446371419,0.5,0.5
barbell,1000000000000000000000000,-1.2,109.32408446371419,0.5,0.5
barbell,1000000000000000000000000,-1.15,109.37408446371418,0.5,0.5
barbell,1000000000000000000000000,-1.1,109.4240844637142,0.5,0.5
barbell,1000000000000000000000000,-1.0499999999999998,109.47408446371419,0.5,0.5
barbell,1000000000000000000000000,-1.0,109.52408446371419,0.5,0.5
barbell,1000000000000000000000000,-0.95,109.57408446371419,0.5,0.5
barbell,1000000000000000000000000,-0.8999999999999999,109.62408446371418,0.5,0.5
barbell,1000000000000000000000000,-0.8499999999999999,109.6740844637142,0.5,0.5
barbell,1000000000000000000000000,-0.7999999999999998,109.72408446371419,0.5,0.5
barbell,1000000000000000000000000,-0.75,109.77408446371419,0.5,0.5
barbell,1000000000000000000000000,-0.7,109.82408446371419,0.5,0.5
barbell,1000000000000000000000000,-0.6499999999999999,109.87408446371418,0.5,0.5
barbell,1000000000000000000000000,-0.5999999999999999,109.9240844637142,0.5,0.5
barbell,1000000000000000000000000,-0.5499999999999998,109.97408446371419,0.5,0.5
barbell,1000000000000000000000000,-0.5,110.02408446371419,0.5,0.5
barbell,1000000000000000000000000,-0.44999999999999996,110.07408446371419,0.5,0.5
barbell,1000000000000000000000000,-0.3999999999999999,110.12408446371418,0.5,0.5
barbell,1000000000000000000000000,-0.34999999999999987,110.1740844637142,0.5,0.5
barbell,1000000000000000000000000,-0.2999999999999998,110.22408446371419,0.5,0.5
barbell,1000000000000000000000000,-0.25,110.27408446371419,0.5,0.5
barbell,1000000000000000000000000,-0.19999999999999996,110.32408446371419,0.5,0.5
barbell,1000000000000000000000000,-0.1499999999999999,110.37408446371418,0.5,0.5
barbell,1000000000000000000000000,-0.09999999999999987,110.4240844637142,0.5,0.5
barbell,1000000000000000000000000,-0.04999999999999982,110.47408446371419,0.5,0.5
barbell,1000000000000000000000000,0.0,110.52408446371419,0.5,0.5
barbell,1000000000000000000000000,0.050000000000000266,110.57408446371419,0.5,0.5
barbell,1000000000000000000000000,0.10000000000000009,110.62408446371418,0.5,0.5
barbell,1000000000000000000000000,0.1499999999999999,110.6740844637142,0.5,0.5
barbell,1000000000000000000000000,0.20000000000000018,110.72408446371419,0.5,0.5
barbell,1000000000000000000000000,0.25,110.77408446371419,0.5,0.5
barbell,1000000000000000000000000,0.30000000000000027,110.82408446371419,0.5,0.5
barbell,1000000000000000000000000,0.3500000000000001,110.87408446371418,0.5,0.5
barbell,1000000000000000000000000,0.40000000000000036,110.9240844637142,0.4999999999999998,0.5
barbell,1000000000000000000000000,0.4500000000000002,110.97408446371419,0.4999999999999978,0.5
barbell,1000000000000000000000000,0.5,111.02408446371419,0.499999999999982,0.5
barbell,1000000000000000000000000,0.5500000000000003,111.07408446371419,0.49999999999984945,0.5
barbell,1000000000000000000000000,0.6000000000000001,111.12408446371418,0.4999999999988063,0.5
barbell,1000000000000000000000000,0.6500000000000004,111.1740844637142,0.4999999999909877,0.5
barbell,1000000000000000000000000,0.7000000000000002,111.22408446371419,0.49999999993517896,0.5
barbell,1000000000000000000000000,0.75,111.27408446371419,0.4999999995552862,0.5
barbell,1000000000000000000000000,0.8000000000000003,111.32408446371419,0.49999999708638243,0.5
barbell,1000000000000000000000000,0.8500000000000001,111.37408446371418,0.49999998175028293,0.5
barbell,1000000000000000000000000,0.9000000000000004,111.4240844637142,0.49999989059816685,0.5
barbell,1000000000000000000000000,0.9500000000000002,111.47408446371419,0.49999937165315145,0.5
barbell,1000000000000000000000000,1.0,111.52408446371419,0.49999653877641737,0.5
barbell,1000000000000000000000000,1.0500000000000003,111.57408446371419,0.499981695978099,0.5
barbell,1000000000000000000000000,1.1,111.62408446371418,0.4999069883082181,0.5
barbell,1000000000000000000000000,1.1500000000000004,111.6740844637142,0.4995456147628042,0.5
barbell,1000000000000000000000000,1.2000000000000002,111.72408446371419,0.4978683415030669,0.5
barbell,1000000000000000000000000,1.25,111.77408446371419,0.4904736871548256,0.5
barbell,1000000000000000000000000,1.3000000000000003,111.82408446371419,0.46083471959790456,0.5
barbell,1000000000000000000000000,1.35,111.87408446371418,0.36791110197133126,0.5
barbell,1000000000000000000000000,1.4000000000000004,111.9240844637142,0.20279979438256168,0.0
barbell,1000000000000000000000000,1.4500000000000002,111.97408446371419,0.07369362135492863,0.0
barbell,1000000000000000000000000,1.5,112.02408446371419,0.02164431714386006,0.0
barbell,1000000000000000000000000,1.5500000000000003,112.07408446371419,0.00603977780875109,0.0
barbell,1000000000000000000000000,1.6,112.12408446371418,0.0016985275912428932,0.0
barbell,1000000000000000000000000,1.6500000000000004,112.1740844637142,0.0004892879398687988,0.0
barbell,1000000000000000000000000,1.7000000000000002,112.22408446371419,0.00014493431777884425,0.0
barbell,1000000000000000000000000,1.75,112.27408446371419,4.416949576468987e-05,0.0
barbell,1000000000000000000000000,1.8000000000000003,112.32408446371419,1.3844087664693916e-05,0.0
barbell,1000000000000000000000000,1.85,112.37408446371418,4.460083130375381e-06,0.0
barbell,1000000000000000000000000,1.9000000000000004,112.4240844637142,1.4759822200005601e-06,0.0
barbell,1000000000000000000000000,1.9500000000000002,112.47408446371419,5.014179853546352e-07,0.0
barbell,1000000000000000000000000,2.0,112.52408446371419,1.7475297164892822e-07,0.0
barbell,1000000000000000000000000,2.05,112.57408446371419,6.244335959415537e-08,0.0
barbell,1000000000000000000000000,2.1000000000000005,112.62408446371418,2.2862430837378156e-08,0.0
barbell,1000000000000000000000000,2.1500000000000004,112.6740844637142,8.571892307074336e-09,0.0
barbell,1000000000000000000000000,2.2,112.72408446371419,3.2892664147965434e-09,0.0
barbell,1000000000000000000000000,2.25,112.77408446371419,1.2910570390545217e-09,0.0
barbell,1000000000000000000000000,2.3,112.82408446371419,5.180571527318989e-10,0.0
barbell,1000000000000000000000000,2.3500000000000005,112.87408446371418,2.1240431635760615e-10,0.0
barbell,1000000000000000000000000,2.4000000000000004,112.9240844637142,8.893552561062278e-11,0.0
barbell,1000000000000000000000000,2.45,112.97408446371419,3.800959547106686e-11,0.0
barbell,1000000000000000000000000,2.5,113.02408446371419,1.6572965222394487e-11,0.0
barbell,1000000000000000000000000,2.55,113.07408446371419,7.368550214437164e-12,0.0
barbell,1000000000000000000000000,2.6000000000000005,113.12408446371418,3.339328813467546e-12,0.0
barbell,1000000000000000000000000,2.6500000000000004,113.1740844637142,1.5416556919944924e-12,0.0
barbell,1000000000000000000000000,2.7,113.22408446371419,7.247535904753021e-13,0.0
barbell,1000000000000000000000000,2.75,113.27408446371419,3.4683367289289895e-13,0.0
barbell,1000000000000000000000000,2.8000000000000007,113.32408446371419,1.687538997430238e-13,0.0
barbell,1000000000000000000000000,2.8500000000000005,113.37408446371418,8.37108160567368e-14,0.0
barbell,1000000000000000000000000,2.9000000000000004,113.4240844637142,4.218847493575595e-14,0.0
barbell,1000000000000000000000000,2.95,113.47408446371419,2.1538326677728037e-14,0.0
barbell,1000000000000000000000000,3.0,113.52408446371419,1.1324274851176595e-14,0.0
barbell,1000000000000000000000000,3.0500000000000007,113.57408446371419,5.995204332975845e-15,0.0
barbell,1000000000000000000000000,3.1000000000000005,113.62408446371418,3.3306690738754696e-15,0.0
barbell,1000000000000000000000000,3.1500000000000004,113.6740844637142,1.5543122344752194e-15,0.0
barbell,1000000000000000000000000,3.2,113.72408446371419,1.1102230246251563e-15,0.0
barbell,1000000000000000000000000,3.25,113.77408446371419,4.440892098500626e-16,0.0
barbell,1000000000000000000000000,3.3000000000000007,113.82408446371419,2.220446049250313e-16,0.0
barbell,1000000000000000000000000,3.3500000000000005,113.87408446371418,2.220446049250313e-16,0.0
barbell,1000000000000000000000000,3.4000000000000004,113.9240844637142,0.0,0.0
barbell,1000000000000000000000000,3.45,113.97408446371419,0.0,0.0
barbell,1000000000000000000000000,3.5,114.02408446371419,0.0,0.0
barbell,1000000000000000000000000,3.5500000000000007,114.07408446371419,0.0,0.0
barbell,1000000000000000000000000,3.6000000000000005,114.12408446371418,0.0,0.0
barbell,1000000000000000000000000,3.6500000000000004,114.1740844637142,0.0,0.0
barbell,1000000000000000000000000,3.7,114.22408446371419,0.0,0.0
barbell,1000000000000000000000000,3.75,114.27408446371419,0.0,0.0
barbell,1000000000000000000000000,3.8000000000000007,114.32408446371419,0.0,0.0
barbell,1000000000000000000000000,3.8500000000000005,114.37408446371418,0.0,0.0
barbell,1000000000000000000000000,3.9000000000000004,114.4240844637142,0.0,0.0
barbell,1000000000000000000000000,3.95,114.47408446371419,0.0,0.0
barbell,1000000000000000000000000,4.0,114.52408446371419,0.0,0.0
barbell,100000000000000000000000000000000000000000000000000000000000000000000000000000000,-2.0,366.4136148790473,0.5,0.5
barbell,100000000000000000000000000000000000000000000000000000000000000000000000000000000,-1.95,366.4636148790473,0.5,0.5
barbell,100000000000000000000000000000000000000000000000000000000000000000000000000000000,-1.9,366.51361487904734,0.5,0.5
barbell,100000000000000000000000000000000000000000000000000000000000000000000000000000000,-1.85,366.5636148790473,0.5,0.5
barbell,100000000000000000000000000000000000000000000000000000000000000000000000000000000,-1.8,366.6136148790473,0.5,0.5
barbell,100000000000000000000000000000000000000000000000000000000000000000000000000000000,-1.75,366.6636148790473,0.5,0.5
barbell,100000000000000000000000000000000000000000000000000000000000000000000000000000000,-1.7,366.7136148790473,0.5,0.5
barbell,100000000000000000000000000000000000000000000000000000000000000000000000000000000,-1.65,366.76361487904734,0.5,0.5
barbell,100000000000000000000000000000000000000000000000000000000000000000000000000000000,-1.6,366.8136148790473,0.5,0.5
barbell,100000000000000000000000000000000000000000000000000000000000000000000000000000000,-1.55,366.8636148790473,0.5,0.5
barbell,100000000000000000000000000000000000000000000000000000000000000000000000000000000,-1.5,366.9136148790473,0.5,0.5
barbell,100000000000000000000000000000000000000000000000000000000000000000000000000000000,-1.45,366.9636148790473,0.5,0.5
barbell,100000000000000000000000000000000000000000000000000000000000000000000000000000000,-1.4,367.01361487904734,0.5,0.5
barbell,100000000000000000000000000000000000000000000000000000000000000000000000000000000,-1.35,367.0636148790473,0.5,0.5
barbell,100000000000000000000000000000000000000000000000000000000000000000000000000000000,-1.2999999999999998,367.1136148790473,0.5,0.5
barbell,100000000000000000000000000000000000000000000000000000000000000000000000000000000,-1.25,367.1636148790473,0.5,0.5
barbell,100000000000000000000000000000000000000000000000000000000000000000000000000000000,-1.2,367.2136148790473,0.5,0.5
barbell,100000000000000000000000000000000000000000000000000000000000000000000000000000000,-1.15,367.26361487904734,0.5,0.5
barbell,100000000000000000000000000000000000000000000000000000000000000000000000000000000,-1.1,367.3136148790473,0.5,0.5
barbell,100000000000000000000000000000000000000000000000000000000000000000000000000000000,-1.0499999999999998,367.3636148790473,0.5,0.5
barbell,100000000000000000000000000000000000000000000000000000000000000000000000000000000,-1.0,367.4136148790473,0.5,0.5
barbell,100000000000000000000000000000000000000000000000000000000000000000000000000000000,-0.95,367.4636148790473,0.5,0.5
barbell,100000000000000000000000000000000000000000000000000000000000000000000000000000000,-0.8999999999999999,367.51361487904734,0.5,0.5
barbell,100000000000000000000000000000000000000000000000000000000000000000000000000000000,-0.8499999999999999,367.5636148790473,0.5,0.5
barbell,100000000000000000000000000000000000000000000000000000000000000000000000000000000,-0.7999999999999998,367.6136148790473,0.5,0.5
barbell,100000000000000000000000000000000000000000000000000000000000000000000000000000000,-0.75,367.6636148790473,0.5,0.5
barbell,100000000000000000000000000000000000000000000000000000000000000000000000000000000,-0.7,367.7136148790473,0.5,0.5
barbell,100000000000000000000000000000000000000000000000000000000000000000000000000000000,-0.6499999999999999,367.76361487904734,0.5,0.5
barbell,100000000000000000000000000000000000000000000000000000000000000000000000000000000,-0.5999999999999999,367.8136148790473,0.5,0.5
barbell,100000000000000000000000000000000000000000000000000000000000000000000000000000000,-0.5499999999999998,367.8636148790473,0.5,0.5
barbell,100000000000000000000000000000000000000000000000000000000000000000000000000000000,-0.5,367.9136148790473,0.5,0.5
barbell,100000000000000000000000000000000000000000000000000000000000000000000000000000000,-0.44999999999999996,367.9636148790473,0.5,0.5
barbell,100000000000000000000000000000000000000000000000000000000000000000000000000000000,-0.3999999999999999,368.01361487904734,0.5,0.5
barbell,100000000000000000000000000000000000000000000000000000000000000000000000000000000,-0.34999999999999987,368.0636148790473,0.5,0.5
barbell,100000000000000000000000000000000000000000000000000000000000000000000000000000000,-0.2999999999999998,368.1136148790473,0.5,0.5
barbell,100000000000000000000000000000000000000000000000000000000000000000000000000000000,-0.25,368.1636148790473,0.5,0.5
barbell,100000000000000000000000000000000000000000000000000000000000000000000000000000000,-0.19999999999999996,368.2136148790473,0.5,0.5
barbell,100000000000000000000000000000000000000000000000000000000000000000000000000000000,-0.1499999999999999,368.26361487904734,0.5,0.5
barbell,100000000000000000000000000000000000000000000000000000000000000000000000000000000,-0.09999999999999987,368.3136148790473,0.5,0.5
barbell,100000000000000000000000000000000000000000000000000000000000000000000000000000000,-0.04999999999999982,368.3636148790473,0.5,0.5
barbell,100000000000000000000000000000000000000000000000000000000000000000000000000000000,0.0,368.4136148790473,0.5,0.5
barbell,100000000000000000000000000000000000000000000000000000000000000000000000000000000,0.050000000000000266,368.4636148790473,0.5,0.5
barbell,100000000000000000000000000000000000000000000000000000000000000000000000000000000,0.10000000000000009,368.51361487904734,0.5,0.5
barbell,100000000000000000000000000000000000000000000000000000000000000000000000000000000,0.1499999999999999,368.5636148790473,0.5,0.5
barbell,100000000000000000000000000000000000000000000000000000000000000000000000000000000,0.20000000000000018,368.6136148790473,0.5,0.5
barbell,100000000000000000000000000000000000000000000000000000000000000000000000000000000,0.25,368.6636148790473,0.5,0.5
barbell,100000000000000000000000000000000000000000000000000000000000000000000000000000000,0.30000000000000027,368.7136148790473,0.5,0.5
barbell,100000000000000000000000000000000000000000000000000000000000000000000000000000000,0.3500000000000001,368.76361487904734,0.5,0.5
barbell,100000000000000000000000000000000000000000000000000000000000000000000000000000000,0.40000000000000036,368.8136148790473,0.5,0.5
barbell,100000000000000000000000000000000000000000000000000000000000000000000000000000000,0.4500000000000002,368.8636148790473,0.5,0.5
barbell,100000000000000000000000000000000000000000000000000000000000000000000000000000000,0.5,368.9136148790473,0.5,0.5
barbell,100000000000000000000000000000000000000000000000000000000000000000000000000000000,0.5500000000000003,368.9636148790473,0.5,0.5
barbell,100000000000000000000000000000000000000000000000000000000000000000000000000000000,0.6000000000000001,369.01361487904734,0.5,0.5
barbell,100000000000000000000000000000000000000000000000000000000000000000000000000000000,0.6500000000000004,369.0636148790473,0.5,0.5
barbell,100000000000000000000000000000000000000000000000000000000000000000000000000000000,0.7000000000000002,369.1136148790473,0.5,0.5
barbell,100000000000000000000000000000000000000000000000000000000000000000000000000000000,0.75,369.1636148790473,0.5,0.5
barbell,100000000000000000000000000000000000000000000000000000000000000000000000000000000,0.8000000000000003,369.2136148790473,0.5,0.5
barbell,100000000000000000000000000000000000000000000000000000000000000000000000000000000,0.8500000000000001,369.26361487904734,0.5,0.5
barbell,100000000000000000000000000000000000000000000000000000000000000000000000000000000,0.9000000000000004,369.3136148790473,0.5,0.5
barbell,100000000000000000000000000000000000000000000000000000000000000000000000000000000,0.9500000000000002,369.3636148790473,0.5,0.5
barbell,100000000000000000000000000000000000000000000000000000000000000000000000000000000,1.0,369.4136148790473,0.5,0.5
barbell,100000000000000000000000000000000000000000000000000000000000000000000000000000000,1.0500000000000003,369.4636148790473,0.49999999999999933,0.5
barbell,100000000000000000000000000000000000000000000000000000000000000000000000000000000,1.1,369.51361487904734,0.49999999999977623,0.5
barbell,100000000000000000000000000000000000000000000000000000000000000000000000000000000,1.1500000000000004,369.5636148790473,0.49999999995686073,0.5
barbell,100000000000000000000000000000000000000000000000000000000000000000000000000000000,1.2000000000000002,369.6136148790473,0.49999999269416495,0.5
barbell,100000000000000000000000000000000000000000000000000000000000000000000000000000000,1.25,369.6636148790473,0.49999890856421625,0.5
barbell,100000000000000000000000000000000000000000000000000000000000000000000000000000000,1.3000000000000003,369.7136148790473,0.499855763971492,0.5
barbell,100000000000000000000000000000000000000000000000000000000000000000000000000000000,1.35,369.76361487904734,0.48362748889878815,0.5
barbell,100000000000000000000000000000000000000000000000000000000000000000000000000000000,1.4000000000000004,369.8136148790473,0.11024603349622297,0.0
barbell,100000000000000000000000000000000000000000000000000000000000000000000000000000000,1.4500000000000002,369.8636148790473,0.0015125648602167807,0.0
barbell,100000000000000000000000000000000000000000000000000000000000000000000000000000000,1.5,369.9136148790473,1.8180301068149163e-05,0.0
barbell,100000000000000000000000000000000000000000000000000000000000000000000000000000000,1.5500000000000003,369.9636148790473,2.4272932641622447e-07,0.0
barbell,100000000000000000000000000000000000000000000000000000000000000000000000000000000,1.6,370.01361487904734,3.600762132904833e-09,0.0
barbell,100000000000000000000000000000000000000000000000000000000000000000000000000000000,1.6500000000000004,370.0636148790473,5.91984239406429e-11,0.0
barbell,100000000000000000000000000000000000000000000000000000000000000000000000000000000,1.7000000000000002,370.1136148790473,1.0760281554667017e-12,0.0
barbell,100000000000000000000000000000000000000000000000000000000000000000000000000000000,1.75,370.1636148790473,2.1760371282653068e-14,0.0
barbell,100000000000000000000000000000000000000000000000000000000000000000000000000000000,1.8000000000000003,370.2136148790473,4.440892098500626e-16,0.0
barbell,100000000000000000000000000000000000000000000000000000000000000000000000000000000,1.85,370.26361487904734,2.220446049250313e-16,0.0
barbell,100000000000000000000000000000000000000000000000000000000000000000000000000000000,1.9000000000000004,370.3136148790473,2.220446049250313e-16,0.0
barbell,100000000000000000000000000000000000000000000000000000000000000000000000000000000,1.9500000000000002,370.3636148790473,2.220446049250313e-16,0.0
barbell,100000000000000000000000000000000000000000000000000000000000000000000000000000000,2.0,370.4136148790473,2.220446049250313e-16,0.0
barbell,100000000000000000000000000000000000000000000000000000000000000000000000000000000,2.05,370.4636148790473,2.220446049250313e-16,0.0
barbell,100000000000000000000000000000000000000000000000000000000000000000000000000000000,2.1000000000000005,370.51361487904734,2.220446049250313e-16,0.0
barbell,100000000000000000000000000000000000000000000000000000000000000000000000000000000,2.1500000000000004,370.5636148790473,2.220446049250313e-16,0.0
barbell,100000000000000000000000000000000000000000000000000000000000000000000000000000000,2.2,370.6136148790473,2.220446049250313e-16,0.0
barbell,100000000000000000000000000000000000000000000000000000000000000000000000000000000,2.25,370.6636148790473,2.220446049250313e-16,0.0
barbell,100000000000000000000000000000000000000000000000000000000000000000000000000000000,2.3,370.7136148790473,2.220446049250313e-16,0.0
barbell,100000000000000000000000000000000000000000000000000000000000000000000000000000000,2.3500000000000005,370.76361487904734,2.220446049250313e-16,0.0
barbell,100000000000000000000000000000000000000000000000000000000000000000000000000000000,2.4000000000000004,370.8136148790473,2.220446049250313e-16,0.0
barbell,100000000000000000000000000000000000000000000000000000000000000000000000000000000,2.45,370.8636148790473,2.220446049250313e-16,0.0
barbell,100000000000000000000000000000000000000000000000000000000000000000000000000000000,2.5,370.9136148790473,2.220446049250313e-16,0.0
barbell,100000000000000000000000000000000000000000000000000000000000000000000000000000000,2.55,370.9636148790473,2.220446049250313e-16,0.0
barbell,100000000000000000000000000000000000000000000000000000000000000000000000000000000,2.6000000000000005,371.01361487904734,2.220446049250313e-16,0.0
barbell,100000000000000000000000000000000000000000000000000000000000000000000000000000000,2.6500000000000004,371.0636148790473,2.220446049250313e-16,0.0
barbell,100000000000000000000000000000000000000000000000000000000000000000000000000000000,2.7,371.1136148790473,2.220446049250313e-16,0.0
barbell,100000000000000000000000000000000000000000000000000000000000000000000000000000000,2.75,371.1636148790473,2.220446049250313e-16,0.0
barbell,100000000000000000000000000000000000000000000000000000000000000000000000000000000,2.8000000000000007,371.2136148790473,2.220446049250313e-16,0.0
barbell,100000000000000000000000000000000000000000000000000000000000000000000000000000000,2.8500000000000005,371.26361487904734,2.220446049250313e-16,0.0
barbell,100000000000000000000000000000000000000000000000000000000000000000000000000000000,2.9000000000000004,371.3136148790473,2.220446049250313e-16,0.0
barbell,100000000000000000000000000000000000000000000000000000000000000000000000000000000,2.95,371.3636148790473,2.220446049250313e-16,0.0
barbell,100000000000000000000000000000000000000000000000000000000000000000000000000000000,3.0,371.4136148790473,2.220446049250313e-16,0.0
barbell,100000000000000000000000000000000000000000000000000000000000000000000000000000000,3.0500000000000007,371.4636148790473,2.220446049250313e-16,0.0
barbell,100000000000000000000000000000000000000000000000000000000000000000000000000000000,3.1000000000000005,371.51361487904734,2.220446049250313e-16,0.0
barbell,100000000000000000000000000000000000000000000000000000000000000000000000000000000,3.1500000000000004,371.5636148790473,2.220446049250313e-16,0.0
barbell,100000000000000000000000000000000000000000000000000000000000000000000000000000000,3.2,371.6136148790473,2.220446049250313e-16,0.0
barbell,100000000000000000000000000000000000000000000000000000000000000000000000000000000,3.25,371.6636148790473,2.220446049250313e-16,0.0
barbell,100000000000000000000000000000000000000000000000000000000000000000000000000000000,3.3000000000000007,371.7136148790473,2.220446049250313e-16,0.0
barbell,100000000000000000000000000000000000000000000000000000000000000000000000000000000,3.3500000000000005,371.76361487904734,2.220446049250313e-16,0.0
barbell,100000000000000000000000000000000000000000000000000000000000000000000000000000000,3.4000000000000004,371.8136148790473,2.220446049250313e-16,0.0
barbell,100000000000000000000000000000000000000000000000000000000000000000000000000000000,3.45,371.8636148790473,2.220446049250313e-16,0.0
barbell,100000000000000000000000000000000000000000000000000000000000000000000000000000000,3.5,371.9136148790473,2.220446049250313e-16,0.0
barbell,100000000000000000000000000000000000000000000000000000000000000000000000000000000,3.5500000000000007,371.9636148790473,2.220446049250313e-16,0.0
barbell,100000000000000000000000000000000000000000000000000000000000000000000000000000000,3.6000000000000005,372.01361487904734,2.220446049250313e-16,0.0
barbell,100000000000000000000000000000000000000000000000000000000000000000000000000000000,3.6500000000000004,372.0636148790473,2.220446049250313e-16,0.0
barbell,100000000000000000000000000000000000000000000000000000000000000000000000000000000,3.7,372.1136148790473,2.220446049250313e-16,0.0
barbell,100000000000000000000000000000000000000000000000000000000000000000000000000000000,3.75,372.1636148790473,2.220446049250313e-16,0.0
barbell,100000000000000000000000000000000000000000000000000000000000000000000000000000000,3.8000000000000007,372.2136148790473,2.220446049250313e-16,0.0
barbell,100000000000000000000000000000000000000000000000000000000000000000000000000000000,3.8500000000000005,372.26361487904734,2.220446049250313e-16,0.0
barbell,100000000000000000000000000000000000000000000000000000000000000000000000000000000,3.9000000000000004,372.3136148790473,2.220446049250313e-16,0.0
barbell,100000000000000000000000000000000000000000000000000000000000000000000000000000000,3.95,372.3636148790473,2.220446049250313e-16,0.0
barbell,100000000000000000000000000000000000000000000000000000000000000000000000000000000,4.0,372.4136148790473,2.220446049250313e-16,0.0
path_copies,100,-2.0,9.407564949312402,0.1891291679580164,0.19203896158860972
path_copies,100,-1.95,9.457564949312403,0.18738802695991685,0.19000013621831788
path_copies,100,-1.9,9.507564949312401,0.18562527961598954,0.18795416278067162
path_copies,100,-1.85,9.557564949312402,0.18384191213878798,0.18590164618951893
path_copies,100,-1.8,9.607564949312401,0.18203892057319293,0.1838431993349036
path_copies,100,-1.75,9.657564949312402,0.18021730950214457,0.18177944236920976
path_copies,100,-1.7,9.707564949312403,0.178378090742945,0.17971100197455203
path_copies,100,-1.65,9.757564949312401,0.17652228203708695,0.17763851061320657
path_copies,100,-1.6,9.807564949312402,0.174650905736629,0.1755626057629555
path_copies,100,-1.55,9.857564949312401,0.17276498749017502,0.17348392913928387
path_copies,100,-1.5,9.907564949312402,0.17086555493152886,0.17140312590642715
path_copies,100,-1.45,9.957564949312403,0.1689536363741199,0.1693208438793167
path_copies,100,-1.4,10.007564949312401,0.1670302595142735,0.16723773271851383
path_copies,100,-1.35,10.057564949312402,0.16509645014638843,0.16515444312025207
path_copies,100,-1.2999999999999998,10.107564949312401,0.16315323089304465,0.16307162600373248
path_copies,100,-1.25,10.157564949312402,0.16120161995301796,0.16098993169782663
path_copies,100,-1.2,10.207564949312403,0.15924262987010454,0.15891000912934658
path_copies,100,-1.15,10.257564949312401,0.15727726632559133,0.15683250501503282
path_copies,100,-1.1,10.307564949312402,0.15530652695711256,0.15475806305939482
path_copies,100,-1.0499999999999998,10.357564949312401,0.15333140020652491,0.1526873231605123
path_copies,100,-1.0,10.407564949312402,0.1513528641993256,0.1506209206258687
path_copies,100,-0.95,10.457564949312403,0.1493718856580087,0.14855948540024363
path_copies,100,-0.8999999999999999,10.507564949312401,0.14738941885161672,0.14650364130763727
path_copies,100,-0.8499999999999999,10.557564949312402,0.14540640458360077,0.14445400530913513
path_copies,100,-0.7999999999999998,10.607564949312401,0.14342376921995217,0.1424111867785534
path_copies,100,-0.75,10.657564949312402,0.14144242375939955,0.14037578679762433
path_copies,100,-0.7,10.707564949312403,0.13946326294731173,0.13834839747239655
path_copies,100,-0.6499999999999999,10.757564949312401,0.1374871644347604,0.1363296012724332
path_copies,100,-0.5999999999999999,10.807564949312402,0.1355149879840348,0.1343199703942922
path_copies,100,-0.5499999999999998,10.857564949312401,0.13354757472171194,0.13232006615066919
path_copies,100,-0.5,10.907564949312402,0.1315857464402146,0.13033043838647732
path_copies,100,-0.44999999999999996,10.957564949312403,0.12963030494860295,0.1283516249230238
path_copies,100,-0.3999999999999999,11.007564949312401,0.12768203147316948,0.1263841510313296
path_copies,100,-0.34999999999999987,11.057564949312402,0.12574168610822714,0.12442852893551996
path_copies,100,-0.2999999999999998,11.107564949312401,0.12381000731730303,0.12248525734709395
path_copies,100,-0.25,11.157564949312402,0.12188771148478479,0.12055482103076054
path_copies,100,-0.19999999999999996,11.207564949312403,0.11997549251788864,0.11863769040240674
path_copies,100,-0.1499999999999999,11.257564949312401,0.11807402149866005,0.11673432115964372
path_copies,100,-0.09999999999999987,11.307564949312402,0.11618394638556606,0.11484515394525384
path_copies,100,-0.04999999999999982,11.357564949312401,0.11430589176407469,0.11297061404374671
path_copies,100,0.0,11.407564949312402,0.1124404586454845,0.1111111111111111
path_copies,100,0.050000000000000266,11.457564949312403,0.11058822431313042,0.1092670389377402
path_copies,100,0.10000000000000009,11.507564949312401,0.108749742214956,0.10743877524439292
path_copies,100,0.1499999999999999,11.557564949312402,0.10692554190133441,0.10562668151094995
path_copies,100,0.20000000000000018,11.607564949312401,0.1051161290068973,0.10383110283761826
path_copies,100,0.25,11.657564949312402,0.10332198527504532,0.10205236783814098
path_copies,100,0.30000000000000027,11.707564949312403,0.1015435686237088,0.10029078856447499
path_copies,100,0.3500000000000001,11.757564949312401,0.09978131325084871,0.09854666046231131
path_copies,100,0.40000000000000036,11.807564949312402,0.09803562977811871,0.09682026235673022
path_copies,100,0.4500000000000002,11.857564949312401,0.09630690543104088,0.09511185646720687
path_copies,100,0.5,11.907564949312402,0.0945955042539961,0.09342168845111157
path_copies,100,0.5500000000000003,11.957564949312403,0.09290176735828488,0.09174998747478479
path_copies,100,0.6000000000000001,12.007564949312401,0.09122601320147505,0.09009696631120806
path_copies,100,0.6500000000000004,12.057564949312402,0.08956853789623313,0.08846282146323932
path_copies,100,0.7000000000000002,12.107564949312401,0.08792961554680923,0.08684773331133605
path_copies,100,0.75,12.157564949312402,0.08630949861133708,0.08525186628464848
path_copies,100,0.8000000000000003,12.207564949312403,0.08470841828811719,0.08367536905433207
path_copies,100,0.8500000000000001,12.257564949312401,0.08312658492403606,0.08211837474790085
path_copies,100,0.9000000000000004,12.307564949312402,0.08156418844331048,0.08058100118342065
path_copies,100,0.9500000000000002,12.357564949312401,0.08002139879474461,0.07906335112232597
path_copies,100,1.0,12.407564949312402,0.07849836641572261,0.07756551253963288
path_copies,100,1.0500000000000003,12.457564949312403,0.07699522271118416,0.07608755891031582
path_copies,100,1.1,12.507564949312401,0.07551208054587688,0.07462954951061568
path_copies,100,1.1500000000000004,12.557564949312402,0.07404903474819857,0.07319152973305088
path_copies,100,1.2000000000000002,12.607564949312401,0.07260616262401554,0.0717735314139132
path_copies,100,1.25,12.657564949312402,0.07118352447886071,0.07037557317204311
path_copies,100,1.3000000000000003,12.707564949312403,0.06978116414699971,0.06899766075769687
path_copies,100,1.35,12.757564949312401,0.06839910952587484,0.06763978741033952
path_copies,100,1.4000000000000004,12.807564949312402,0.06703737311452374,0.06630193422422166
path_copies,100,1.4500000000000002,12.857564949312401,0.06569595255460851,0.0649840705206267
path_copies,100,1.5,12.907564949312402,0.06437483117276395,0.06368615422570474
path_copies,100,1.5500000000000003,12.957564949312403,0.0630739785230295,0.062408132252843404
path_copies,100,1.6,13.007564949312401,0.061793350928197745,0.06114994088856048
path_copies,100,1.6500000000000004,13.057564949312402,0.06053289201897242,0.0599115061809407
path_copies,100,1.7000000000000002,13.107564949312401,0.05929253326989844,0.05869274432967781
path_copies,100,1.75,13.157564949312402,0.05807219453108262,0.057493562076823275
path_copies,100,1.8000000000000003,13.207564949312403,0.05687178455479761,0.056313857097384366
path_copies,100,1.85,13.257564949312401,0.05569120151611765,0.05515351838895635
path_copies,100,1.9000000000000004,13.307564949312402,0.05453033352679881,0.05401242665961626
path_copies,100,1.9500000000000002,13.357564949312401,0.05338905914168405,0.05289045471334926
path_copies,100,2.0,13.407564949312402,0.05226724785695983,0.05178746783232121
path_copies,100,2.05,13.457564949312403,0.05116476059967012,0.05070332415535513
path_copies,100,2.1000000000000005,13.507564949312403,0.050081450207928015,0.049637875052011685
path_copies,100,2.1500000000000004,13.557564949312402,0.049017161901342275,0.04859096549171678
path_copies,100,2.2,13.607564949312401,0.047971733741213406,0.04756243440742134
path_copies,100,2.25,13.657564949312402,0.046944997080116346,0.046552115053319916
path_copies,100,2.3,13.707564949312403,0.045936777000527895,0.04555983535619526
path_copies,100,2.3500000000000005,13.757564949312403,0.0449468927422186,0.044585418259995575
path_copies,100,2.4000000000000004,13.807564949312402,0.04397515811815356,0.04362868206329001
path_copies,100,2.45,13.857564949312401,0.043021381918712485,0.04268944074928496
path_copies,100,2.5,13.907564949312402,0.04208536830406303,0.04176750430812073
path_copies,100,2.55,13.957564949312403,0.04116691718457307,0.040862679051202194
path_copies,100,2.6000000000000005,14.007564949312403,0.04026582458917486,0.039974767917351585
path_copies,100,2.6500000000000004,14.057564949312402,0.039381883021634666,0.039103570770602995
path_copies,100,2.7,14.107564949312401,0.038514881804713554,0.038248884689489615
path_copies,100,2.75,14.157564949312402,0.037664607412232286,0.03741050424770381
path_copies,100,2.8000000000000007,14.207564949312403,0.03683084378908704,0.036588221786038155
path_copies,100,2.8500000000000005,14.257564949312403,0.03601337265927854,0.03578182767554186
path_copies,100,2.9000000000000004,14.307564949312402,0.03521197382205991,0.03499111057185228
path_copies,100,2.95,14.357564949312401,0.034426425436308694,0.03421585766068445
path_copies,100,3.0,14.407564949312402,0.0336565042932658,0.03345585489448389
path_copies,100,3.0500000000000007,14.457564949312403,0.03290198607779934,0.03271088722026835
path_copies,100,3.1000000000000005,14.507564949312403,0.032162645618357834,0.0319807387987036
path_copies,100,3.1500000000000004,14.557564949312402,0.03143825712581183,0.031265193214476066
path_copies,100,3.2,14.607564949312401,0.03072859442137421,0.03056403367804188
path_copies,100,3.25,14.657564949312402,0.03003343115382462,0.029877043218846735
path_copies,100,3.3000000000000007,14.707564949312403,0.029352541006253247,0.02920400487012521
path_copies,100,3.3500000000000005,14.757564949312403,0.028685697892562995,0.02854470184540085
path_copies,100,3.4000000000000004,14.807564949312402,0.028032676143973163,0.027898917706819584
path_copies,100,3.45,14.857564949312401,0.02739325068576674,0.0272664365254598
path_copies,100,3.5,14.907564949312402,0.026767197204546084,0.02664704303377144
path_copies,100,3.5500000000000007,14.957564949312403,0.026154292306246107,0.02604052277030464
path_copies,100,3.6000000000000005,15.007564949312403,0.025554313665173172,0.02544666221689616
path_copies,100,3.6500000000000004,15.057564949312402,0.024967040164334042,0.024865248928487207
path_copies,100,3.7,15.107564949312401,0.024392252027319945,0.02429607165575289
path_copies,100,3.75,15.157564949312402,0.023829730942013978,0.023738920460726832
path_copies,100,3.8000000000000007,15.207564949312403,0.023279260176389593,0.02319358682560917
path_copies,100,3.8500000000000005,15.257564949312403,0.022740624686667783,0.022659863754948505
path_copies,100,3.9000000000000004,15.307564949312402,0.022213611218095657,0.02213754587139092
path_copies,100,3.95,15.357564949312401,0.02169800839861269,0.02162642950519085
path_copies,100,4.0,15.407564949312402,0.0211936068256664,0.021126312777679204
path_copies,10000,-2.0,18.617905321288585,0.19199047758295382,0.19203896158860972
path_copies,10000,-1.95,18.667905321288586,0.1899570133597909,0.19000013621831788
path_copies,10000,-1.9,18.717905321288587,0.18791611991272691,0.18795416278067162
path_copies,10000,-1.85,18.767905321288584,0.18586841138233087,0.18590164618951893
path_copies,10000,-1.8,18.817905321288585,0.1838145097544169,0.1838431993349036
path_copies,10000,-1.75,18.867905321288585,0.18175504414335455,0.18177944236920976
path_copies,10000,-1.7,18.917905321288586,0.17969065005662124,0.17971100197455203
path_copies,10000,-1.65,18.967905321288587,0.17762196864239757,0.17763851061320657
path_copies,10000,-1.6,19.017905321288584,0.17554964592210523,0.1755626057629555
path_copies,10000,-1.55,19.067905321288585,0.17347433200983042,0.17348392913928387
path_copies,10000,-1.5,19.117905321288585,0.17139668032066915,0.17140312590642715
path_copies,10000,-1.45,19.167905321288586,0.1693173467700356,0.1693208438793167
path_copies,10000,-1.4,19.217905321288587,0.16723698896605418,0.16723773271851383
path_copies,10000,-1.35,19.267905321288584,0.1651562653971712,0.16515444312025207
path_copies,10000,-1.2999999999999998,19.317905321288585,0.16307583461713224,0.16307162600373248
path_copies,10000,-1.25,19.367905321288585,0.1609963544295101,0.16098993169782663
path_copies,10000,-1.2,19.417905321288586,0.1589184810739456,0.15891000912934658
path_copies,10000,-1.15,19.467905321288587,0.15684286841626607,0.15683250501503282
path_copies,10000,-1.1,19.517905321288584,0.15477016714462813,0.15475806305939482
path_copies,10000,-1.0499999999999998,19.567905321288585,0.1527010239738038,0.1526873231605123
path_copies,10000,-1.0,19.617905321288585,0.15063608085968538,0.1506209206258687
path_copies,10000,-0.95,19.667905321288586,0.14857597422605773,0.14855948540024363
path_copies,10000,-0.8999999999999999,19.717905321288587,0.146521334205592,0.14650364130763727
path_copies,10000,-0.8499999999999999,19.767905321288584,0.14447278389700893,0.14445400530913513
path_copies,10000,-0.7999999999999998,19.817905321288585,0.1424309386402173,0.1424111867785534
path_copies,10000,-0.75,19.867905321288585,0.1403964053112332,0.14037578679762433
path_copies,10000,-0.7,19.917905321288586,0.13836978163851446,0.13834839747239655
path_copies,10000,-0.6499999999999999,19.967905321288587,0.13635165554233178,0.1363296012724332
path_copies,10000,-0.5999999999999999,20.017905321288584,0.13434260449863009,0.1343199703942922
path_copies,10000,-0.5499999999999998,20.067905321288585,0.1323431949287853,0.13232006615066919
path_copies,10000,-0.5,20.117905321288585,0.1303539816165066,0.13033043838647732
path_copies,10000,-0.44999999999999996,20.167905321288586,0.12837550715305746,0.1283516249230238
path_copies,10000,-0.3999999999999999,20.217905321288587,0.12640830141182854,0.1263841510313296
path_copies,10000,-0.34999999999999987,20.267905321288584,0.12445288105318937,0.12442852893551996
path_copies,10000,-0.2999999999999998,20.317905321288585,0.12250974906041612,0.12248525734709395
path_copies,10000,-0.25,20.367905321288585,0.12057939430738614,0.12055482103076054
path_copies,10000,-0.19999999999999996,20.417905321288586,0.11866229115858706,0.11863769040240674
path_copies,10000,-0.1499999999999999,20.467905321288587,0.11675889910187916,0.11673432115964372
path_copies,10000,-0.09999999999999987,20.517905321288584,0.11486966241433734,0.11484515394525384
path_copies,10000,-0.04999999999999982,20.567905321288585,0.11299500986135569,0.11297061404374671
path_copies,10000,0.0,20.617905321288585,0.11113535442910287,0.1111111111111111
path_copies,10000,0.050000000000000266,20.667905321288586,0.10929109309028973,0.1092670389377402
path_copies,10000,0.10000000000000009,20.717905321288587,0.10746260660310754,0.10743877524439292
path_copies,10000,0.1499999999999999,20.767905321288584,0.10565025934307748,0.10562668151094995
path_copies,10000,0.20000000000000018,20.817905321288585,0.10385439916746046,0.10383110283761826
path_copies,10000,0.25,20.867905321288585,0.10207535731177031,0.10205236783814098
path_copies,10000,0.30000000000000027,20.917905321288586,0.10031344831784568,0.10029078856447499
path_copies,10000,0.3500000000000001,20.967905321288587,0.09856896999283567,0.09854666046231131
path_copies,10000,0.40000000000000036,21.017905321288588,0.09684220339839304,0.09682026235673022
path_copies,10000,0.4500000000000002,21.067905321288585,0.0951334128692695,0.09511185646720687
path_copies,10000,0.5,21.117905321288585,0.09344284606045121,0.09342168845111157
path_copies,10000,0.5500000000000003,21.167905321288586,0.09177073402190412,0.09174998747478479
path_copies,10000,0.6000000000000001,21.217905321288587,0.09011729129994062,0.09009696631120806
path_copies,10000,0.6500000000000004,21.267905321288588,0.08848271606416465,0.08846282146323932
path_copies,10000,0.7000000000000002,21.317905321288585,0.08686719025890695,0.08684773331133605
path_copies,10000,0.75,21.367905321288585,0.08527087977803409,0.08525186628464848
path_copies,10000,0.8000000000000003,21.417905321288586,0.08369393466195525,0.08367536905433207
path_copies,10000,0.8500000000000001,21.467905321288587,0.08213648931565694,0.08211837474790085
path_copies,10000,0.9000000000000004,21.517905321288588,0.0805986627465441,0.08058100118342065
path_copies,10000,0.9500000000000002,21.567905321288585,0.07908055882087058,0.07906335112232597
path_copies,10000,1.0,21.617905321288585,0.07758226653752283,0.07756551253963288
path_copies,10000,1.0500000000000003,21.667905321288586,0.07610386031792005,0.07608755891031582
path_copies,10000,1.1,21.717905321288587,0.07464540031078555,0.07462954951061568
path_copies,10000,1.1500000000000004,21.767905321288588,0.0732069327105657,0.07319152973305088
path_copies,10000,1.2000000000000002,21.817905321288585,0.07178849008826578,0.0717735314139132
path_copies,10000,1.25,21.867905321288585,0.07039009173349313,0.07037557317204311
path_copies,10000,1.3000000000000003,21.917905321288586,0.0690117440065207,0.06899766075769687
path_copies,10000,1.35,21.967905321288587,0.0676534406991985,0.06763978741033952
path_copies,10000,1.4000000000000004,22.017905321288588,0.06631516340356598,0.06630193422422166
path_copies,10000,1.4500000000000002,22.067905321288585,0.06499688188705248,0.0649840705206267
path_copies,10000,1.5,22.117905321288585,0.06369855447317814,0.06368615422570474
path_copies,10000,1.5500000000000003,22.167905321288586,0.06242012842670386,0.062408132252843404
path_copies,10000,1.6,22.217905321288587,0.061161540342213806,0.06114994088856048
path_copies,10000,1.6500000000000004,22.267905321288588,0.05992271653515221,0.0599115061809407
path_copies,10000,1.7000000000000002,22.317905321288585,0.05870357343437246,0.05869274432967781
path_copies,10000,1.75,22.367905321288585,0.05750401797530443,0.057493562076823275
path_copies,10000,1.8000000000000003,22.417905321288586,0.05632394799287669,0.056313857097384366
path_copies,10000,1.85,22.467905321288587,0.05516325261338251,0.05515351838895635
path_copies,10000,1.9000000000000004,22.517905321288588,0.054021812644517775,0.05401242665961626
path_copies,10000,1.9500000000000002,22.567905321288585,0.05289950096285804,0.05289045471334926
path_copies,10000,2.0,22.617905321288585,0.05179618289809632,0.05178746783232121
path_copies,10000,2.05,22.667905321288586,0.05071171661339472,0.05070332415535513
path_copies,10000,2.1000000000000005,22.717905321288587,0.04964595348125278,0.049637875052011685
path_copies,10000,2.1500000000000004,22.767905321288588,0.048598738454339374,0.04859096549171678
path_copies,10000,2.2,22.817905321288585,0.047569910430773486,0.04756243440742134
path_copies,10000,2.25,22.867905321288585,0.04655930261337985,0.046552115053319916
path_copies,10000,2.3,22.917905321288586,0.04556674286249485,0.04555983535619526
path_copies,10000,2.3500000000000005,22.967905321288587,0.04459205404192342,0.044585418259995575
path_copies,10000,2.4000000000000004,23.017905321288588,0.04363505435770243,0.04362868206329001
path_copies,10000,2.45,23.067905321288585,0.04269555768934996,0.04268944074928496
path_copies,10000,2.5,23.117905321288585,0.04177337391332318,0.04176750430812073
path_copies,10000,2.55,23.167905321288586,0.0408683092184449,0.040862679051202194
path_copies,10000,2.6000000000000005,23.217905321288587,0.039980166413084106,0.039974767917351585
path_copies,10000,2.6500000000000004,23.267905321288588,0.039108745223913534,0.039103570770602995
path_copies,10000,2.7,23.317905321288585,0.03825384258610128,0.038248884689489615
path_copies,10000,2.75,23.367905321288585,0.037415252924815214,0.03741050424770381
path_copies,10000,2.8000000000000007,23.417905321288586,0.03659276842795123,0.036588221786038155
path_copies,10000,2.8500000000000005,23.467905321288587,0.035786179310024036,0.03578182767554186
path_copies,10000,2.9000000000000004,23.517905321288588,0.03499527406718239,0.03499111057185228
path_copies,10000,2.95,23.567905321288585,0.03421983972332909,0.03421585766068445
path_copies,10000,3.0,23.617905321288585,0.03345966206736195,0.03345585489448389
path_copies,10000,3.0500000000000007,23.667905321288586,0.03271452588155577,0.03271088722026835
path_copies,10000,3.1000000000000005,23.717905321288587,0.03198421516113773,0.0319807387987036
path_copies,10000,3.1500000000000004,23.767905321288588,0.03126851332511863,0.031265193214476066
path_copies,10000,3.2,23.817905321288585,0.030567203418461197,0.03056403367804188
path_copies,10000,3.25,23.867905321288585,0.02988006830568546,0.029877043218846735
path_copies,10000,3.3000000000000007,23.917905321288586,0.029206890856017315,0.02920400487012521
path_copies,10000,3.3500000000000005,23.967905321288587,0.028547454120205835,0.02854470184540085
path_copies,10000,3.4000000000000004,24.017905321288588,0.02790154149914555,0.027898917706819584
path_copies,10000,3.45,24.067905321288585,0.027268936904443725,0.0272664365254598
path_copies,10000,3.5,24.117905321288585,0.026649424911091863,0.02664704303377144
path_copies,10000,3.5500000000000007,24.167905321288586,0.026042790902401986,0.02604052277030464
path_copies,10000,3.6000000000000005,24.217905321288587,0.02544882120737424,0.02544666221689616
path_copies,10000,3.6500000000000004,24.267905321288588,0.024867303230678022,0.024865248928487207
path_copies,10000,3.7,24.317905321288585,0.024298025575420157,0.02429607165575289
path_copies,10000,3.75,24.367905321288585,0.023740778158892084,0.023738920460726832
path_copies,10000,3.8000000000000007,24.417905321288586,0.023195352321480955,0.02319358682560917
path_copies,10000,3.8500000000000005,24.467905321288587,0.02266154092893813,0.022659863754948505
path_copies,10000,3.9000000000000004,24.517905321288588,0.022139138468199853,0.02213754587139092
path_copies,10000,3.95,24.567905321288585,0.021627941136957467,0.02162642950519085
path_copies,10000,4.0,24.617905321288585,0.02112774692716653,0.021126312777679204
path_copies,100000000,-2.0,37.03858606524095,0.19203895187472178,0.19203896158860972
path_copies,100000000,-1.95,37.088586065240946,0.19000012758850401,0.19000013621831788
path_copies,100000000,-1.9,37.13858606524095,0.18795415517625935,0.18795416278067162
path_copies,100000000,-1.85,37.18858606524095,0.18590163955389727,0.18590164618951893
path_copies,100000000,-1.8,37.23858606524095,0.18384319361348403,0.1838431993349036
path_copies,100000000,-1.75,37.28858606524095,0.18177943750938788,0.18177944236920976
path_copies,100000000,-1.7,37.338586065240946,0.17971099792567236,0.17971100197455203
path_copies,100000000,-1.65,37.38858606524095,0.17763850732651854,0.17763851061320657
path_copies,100000000,-1.6,37.43858606524095,0.17556260319158237,0.1755626057629555
path_copies,100000000,-1.55,37.48858606524095,0.17348392723817585,0.17348392913928387
path_copies,100000000,-1.5,37.53858606524095,0.17140312463233118,0.17140312590642715
path_copies,100000000,-1.45,37.588586065240946,0.16932084319073168,0.1693208438793167
path_copies,100000000,-1.4,37.63858606524095,0.16723773257564933,0.16723773271851383
path_copies,100000000,-1.35,37.68858606524095,0.1651544434849963,0.16515444312025207
path_copies,100000000,-1.2999999999999998,37.73858606524095,0.1630716268396044,0.16307162600373248
path_copies,100000000,-1.25,37.78858606524095,0.16098993296994069,0.16098993169782663
path_copies,100000000,-1.2,37.838586065240946,0.15891001080437603,0.15891000912934658
path_copies,100000000,-1.15,37.88858606524095,0.15683250706116003,0.15683250501503282
path_copies,100000000,-1.1,37.93858606524095,0.15475806544628226,0.15475806305939482
path_copies,100000000,-1.0499999999999998,37.98858606524095,0.1526873258592559,0.1526873231605123
path_copies,100000000,-1.0,38.03858606524095,0.15062092360895663,0.1506209206258687
path_copies,100000000,-0.95,38.088586065240946,0.14855948864152513,0.14855948540024363
path_copies,100000000,-0.8999999999999999,38.13858606524095,0.1465036447822706,0.14650364130763727
path_copies,100000000,-0.8499999999999999,38.18858606524095,0.14445400899356028,0.14445400530913513
path_copies,100000000,-0.7999999999999998,38.23858606524095,0.14241119065044425,0.1424111867785534
path_copies,100000000,-0.75,38.28858606524095,0.14037579083585042,0.14037578679762433
path_copies,100000000,-0.7,38.338586065240946,0.13834840165698892,0.13834839747239655
path_copies,100000000,-0.6499999999999999,38.38858606524095,0.13632960558454252,0.1363296012724332
path_copies,100000000,-0.5999999999999999,38.43858606524095,0.13431997481614819,0.1343199703942922
path_copies,100000000,-0.5499999999999998,38.48858606524095,0.1323200706655466,0.13232006615066919
path_copies,100000000,-0.5,38.53858606524095,0.1303304429786578,0.13033043838647732
path_copies,100000000,-0.44999999999999996,38.588586065240946,0.1283516295777564,0.1283516249230238
path_copies,100000000,-0.3999999999999999,38.63858606524095,0.1263841557347957,0.1263841510313296
path_copies,100000000,-0.34999999999999987,38.68858606524095,0.12442853367479893,0.12442852893551996
path_copies,100000000,-0.2999999999999998,38.73858606524095,0.12248526211012394,0.12248525734709395
path_copies,100000000,-0.25,38.78858606524095,0.1205548258063062,0.12055482103076054
path_copies,100000000,-0.19999999999999996,38.838586065240946,0.11863769518002365,0.11863769040240674
path_copies,100000000,-0.1499999999999999,38.88858606524095,0.11673432592964524,0.11673432115964372
path_copies,100000000,-0.09999999999999987,38.93858606524095,0.11484515869867917,0.11484515394525384
path_copies,100000000,-0.04999999999999982,38.98858606524095,0.11297061877232502,0.11297061404374671
path_copies,100000000,0.0,39.03858606524095,0.11111111580723339,0.1111111111111111
path_copies,100000000,0.050000000000000266,39.088586065240946,0.10926704359442814,0.1092670389377402
path_copies,100000000,0.10000000000000009,39.13858606524095,0.10743877985526458,0.10743877524439292
path_copies,100000000,0.1499999999999999,39.18858606524095,0.10562668607019539,0.10562668151094995
path_copies,100000000,0.20000000000000018,39.23858606524095,0.10383110733996892,0.10383110283761826
path_copies,100000000,0.25,39.28858606524095,0.1020523722788406,0.10205236783814098
path_copies,100000000,0.30000000000000027,39.338586065240946,0.1002907929392552,0.10029078856447499
path_copies,100000000,0.3500000000000001,39.38858606524095,0.09854666476736236,0.09854666046231131
path_copies,100000000,0.40000000000000036,39.43858606524095,0.09682026658867689,0.09682026235673022
path_copies,100000000,0.4500000000000002,39.48858606524095,0.09511186062308423,0.09511185646720687
path_copies,100000000,0.5,39.53858606524095,0.09342169252834147,0.09342168845111157
path_copies,100000000,0.5500000000000003,39.588586065240946,0.09174999147115266,0.09174998747478479
path_copies,100000000,0.6000000000000001,39.63858606524095,0.09009697022483805,0.09009696631120806
path_copies,100000000,0.6500000000000004,39.68858606524095,0.08846282529257705,0.08846282146323932
path_copies,100000000,0.7000000000000002,39.73858606524095,0.08684773705512534,0.08684773331133605
path_copies,100000000,0.75,39.78858606524095,0.08525186994191351,0.08525186628464848
path_copies,100000000,0.8000000000000003,39.838586065240946,0.08367537262435613,0.08367536905433207
path_copies,100000000,0.8500000000000001,39.88858606524095,0.08211837823021018,0.08211837474790085
path_copies,100000000,0.9000000000000004,39.93858606524095,0.08058100457776522,0.08058100118342065
path_copies,100000000,0.9500000000000002,39.98858606524095,0.07906335442866504,0.07906335112232597
path_copies,100000000,1.0,40.03858606524095,0.07756551575811758,0.07756551253963288
path_copies,100000000,1.0500000000000003,40.088586065240946,0.07608756204127361,0.07608755891031582
path_copies,100000000,1.1,40.13858606524095,0.07462955255453714,0.07462954951061568
path_copies,100000000,1.1500000000000004,40.18858606524095,0.07319153269057573,0.07319152973305088
path_copies,100000000,1.2000000000000002,40.23858606524095,0.07177353428581716,0.0717735314139132
path_copies,100000000,1.25,40.28858606524095,0.07037557595922499,0.07037557317204311
path_copies,100000000,1.3000000000000003,40.338586065240946,0.06899766346116672,0.06899766075769687
path_copies,100000000,1.35,40.38858606524095,0.0676397900312092,0.06763978741033952
path_copies,100000000,1.4000000000000004,40.43858606524095,0.06630193676369249,0.06630193422422166
path_copies,100000000,1.4500000000000002,40.48858606524095,0.06498407297998073,0.0649840705206267
path_copies,100000000,1.5,40.53858606524095,0.06368615660629436,0.06368615422570474
path_copies,100000000,1.5500000000000003,40.588586065240946,0.062408134556084294,0.062408132252843404
path_copies,100000000,1.6,40.63858606524095,0.06114994311592118,0.06114994088856048
path_copies,100000000,1.6500000000000004,40.68858606524095,0.05991150833393699,0.0599115061809407
path_copies,100000000,1.7000000000000002,40.73858606524095,0.05869274640986425,0.05869274432967781
path_copies,100000000,1.75,40.78858606524095,0.05749356408578706,0.057493562076823275
path_copies,100000000,1.8000000000000003,40.838586065240946,0.05631385903673861,0.056313857097384366
path_copies,100000000,1.85,40.88858606524095,0.05515352026033445,0.05515351838895635
path_copies,100000000,1.9000000000000004,40.93858606524095,0.054012428464667105,0.05401242665961626
path_copies,100000000,1.9500000000000002,40.98858606524095,0.052890456453731215,0.05289045471334926
path_copies,100000000,2.0,41.03858606524095,0.05178746950969774,0.05178746783232121
path_copies,100000000,2.05,41.088586065240946,0.05070332577139106,0.05070332415535513
path_copies,100000000,2.1000000000000005,41.13858606524095,0.04963787660836908,0.049637875052011685
path_copies,100000000,2.1500000000000004,41.18858606524095,0.04859096699005039,0.04859096549171678
path_copies,100000000,2.2,41.23858606524095,0.04756243584937706,0.04756243440742134
path_copies,100000000,2.25,41.28858606524095,0.04655211644053011,0.046552115053319916
path_copies,100000000,2.3,41.338586065240946,0.04555983669027749,0.04555983535619526
path_copies,100000000,2.3500000000000005,41.38858606524095,0.044585419542548944,0.044585418259995575
path_copies,100000000,2.4000000000000004,41.43858606524095,0.04362868329589372,0.04362868206329001
path_copies,100000000,2.45,41.48858606524095,0.04268944193349585,0.04268944074928496
path_copies,100000000,2.5,41.53858606524095,0.04176750544547211,0.04176750430812073
path_copies,100000000,2.55,41.588586065240946,0.04086268014320157,0.040862679051202194
path_copies,100000000,2.6000000000000005,41.63858606524095,0.03997476896548006,0.039974767917351585
path_copies,100000000,2.6500000000000004,41.68858606524095,0.03910357177631344,0.039103570770602995
path_copies,100000000,2.7,41.73858606524095,0.03824888565420618,0.038248884689489615
path_copies,100000000,2.75,41.78858606524095,0.037410505172820484,0.03741050424770381
path_copies,100000000,2.8000000000000007,41.838586065240946,0.03658822267291906,0.036588221786038155
path_copies,100000000,2.8500000000000005,41.88858606524095,0.035781828525519664,0.03578182767554186
path_copies,100000000,2.9000000000000004,41.93858606524095,0.034991111386227645,0.03499111057185228
path_copies,100000000,2.95,41.98858606524095,0.03421585844072691,0.03421585766068445
path_copies,100000000,3.0,42.03858606524095,0.03345585564143053,0.03345585489448389
path_copies,100000000,3.0500000000000007,42.088586065240946,0.032710887935324395,0.03271088722026835
path_copies,100000000,3.1000000000000005,42.13858606524095,0.03198073948304144,0.0319807387987036
path_copies,100000000,3.1500000000000004,42.18858606524095,0.03126519386923662,0.031265193214476066
path_copies,100000000,3.2,42.23858606524095,0.03056403430433363,0.03056403367804188
path_copies,100000000,3.25,42.28858606524095,0.02987704381774618,0.029877043218846735
path_copies,100000000,3.3000000000000007,42.338586065240946,0.029204005442677428,0.02920400487012521
path_copies,100000000,3.3500000000000005,42.38858606524095,0.028544702392619376,0.02854470184540085
path_copies,100000000,3.4000000000000004,42.43858606524095,0.027898918229687302,0.027898917706819584
path_copies,100000000,3.45,42.48858606524095,0.02726643702492885,0.0272664365254598
path_copies,100000000,3.5,42.53858606524095,0.02664704351076382,0.02664704303377144
path_copies,100000000,3.5500000000000007,42.588586065240946,0.02604052322571267,0.02604052277030464
path_copies,100000000,3.6000000000000005,42.63858606524095,0.02544666265158324,0.02544666221689616
path_copies,100000000,3.6500000000000004,42.68858606524095,0.024865249343288376,0.024865248928487207
path_copies,100000000,3.7,42.73858606524095,0.024296072051474216,0.02429607165575289
path_copies,100000000,3.75,42.78858606524095,0.023738920838147992,0.023738920460726832
path_copies,100000000,3.8000000000000007,42.838586065240946,0.02319358718548233,0.02319358682560917
path_copies,100000000,3.8500000000000005,42.88858606524095,0.02265986409799973,0.022659863754948505
path_copies,100000000,3.9000000000000004,42.93858606524095,0.02213754619832094,0.02213754587139092
path_copies,100000000,3.95,42.98858606524095,0.021626429816674914,0.02162642950519085
path_copies,100000000,4.0,43.03858606524095,0.021126313074368557,0.021126312777679204
path_copies,1000000000000000000000000,-2.0,110.72130904105042,0.19203896158860947,0.19203896158860972
path_copies,1000000000000000000000000,-1.95,110.77130904105042,0.19000013621831777,0.19000013621831788
path_copies,1000000000000000000000000,-1.9,110.82130904105041,0.18795416278067156,0.18795416278067162
path_copies,1000000000000000000000000,-1.85,110.87130904105042,0.18590164618951852,0.18590164618951893
path_copies,1000000000000000000000000,-1.8,110.92130904105042,0.18384319933490323,0.1838431993349036
path_copies,1000000000000000000000000,-1.75,110.97130904105042,0.18177944236920954,0.18177944236920976
path_copies,1000000000000000000000000,-1.7,111.02130904105042,0.17971100197455195,0.17971100197455203
path_copies,1000000000000000000000000,-1.65,111.07130904105041,0.17763851061320649,0.17763851061320657
path_copies,1000000000000000000000000,-1.6,111.12130904105042,0.175562605762955,0.1755626057629555
path_copies,1000000000000000000000000,-1.55,111.17130904105042,0.17348392913928348,0.17348392913928387
path_copies,1000000000000000000000000,-1.5,111.22130904105042,0.17140312590642695,0.17140312590642715
path_copies,1000000000000000000000000,-1.45,111.27130904105042,0.16932084387931656,0.1693208438793167
path_copies,1000000000000000000000000,-1.4,111.32130904105041,0.1672377327185138,0.16723773271851383
path_copies,1000000000000000000000000,-1.35,111.37130904105042,0.16515444312025154,0.16515444312025207
path_copies,1000000000000000000000000,-1.2999999999999998,111.42130904105042,0.16307162600373207,0.16307162600373248
path_copies,1000000000000000000000000,-1.25,111.47130904105042,0.1609899316978264,0.16098993169782663
path_copies,1000000000000000000000000,-1.2,111.52130904105042,0.1589100091293464,0.15891000912934658
path_copies,1000000000000000000000000,-1.15,111.57130904105041,0.15683250501503285,0.15683250501503282
path_copies,1000000000000000000000000,-1.1,111.62130904105042,0.15475806305939432,0.15475806305939482
path_copies,1000000000000000000000000,-1.0499999999999998,111.67130904105042,0.15268732316051192,0.1526873231605123
path_copies,1000000000000000000000000,-1.0,111.72130904105042,0.1506209206258684,0.1506209206258687
path_copies,1000000000000000000000000,-0.95,111.77130904105042,0.14855948540024352,0.14855948540024363
path_copies,1000000000000000000000000,-0.8999999999999999,111.82130904105041,0.14650364130763727,0.14650364130763727
path_copies,1000000000000000000000000,-0.8499999999999999,111.87130904105042,0.1444540053091347,0.14445400530913513
path_copies,1000000000000000000000000,-0.7999999999999998,111.92130904105042,0.14241118677855313,0.1424111867785534
path_copies,1000000000000000000000000,-0.75,111.97130904105042,0.14037578679762408,0.14037578679762433
path_copies,1000000000000000000000000,-0.7,112.02130904105042,0.13834839747239647,0.13834839747239655
path_copies,1000000000000000000000000,-0.6499999999999999,112.07130904105041,0.13632960127243324,0.1363296012724332
path_copies,1000000000000000000000000,-0.5999999999999999,112.12130904105042,0.1343199703942918,0.1343199703942922
path_copies,1000000000000000000000000,-0.5499999999999998,112.17130904105042,0.1323200661506688,0.13232006615066919
path_copies,1000000000000000000000000,-0.5,112.22130904105042,0.13033043838647718,0.13033043838647732
path_copies,1000000000000000000000000,-0.44999999999999996,112.27130904105042,0.12835162492302374,0.1283516249230238
path_copies,1000000000000000000000000,-0.3999999999999999,112.32130904105041,0.12638415103132963,0.1263841510313296
path_copies,1000000000000000000000000,-0.34999999999999987,112.37130904105042,0.12442852893551952,0.12442852893551996
path_copies,1000000000000000000000000,-0.2999999999999998,112.42130904105042,0.12248525734709359,0.12248525734709395
path_copies,1000000000000000000000000,-0.25,112.47130904105042,0.12055482103076039,0.12055482103076054
path_copies,1000000000000000000000000,-0.19999999999999996,112.52130904105042,0.11863769040240661,0.11863769040240674
path_copies,1000000000000000000000000,-0.1499999999999999,112.57130904105041,0.11673432115964373,0.11673432115964372
path_copies,1000000000000000000000000,-0.09999999999999987,112.62130904105042,0.11484515394525345,0.11484515394525384
path_copies,1000000000000000000000000,-0.04999999999999982,112.67130904105042,0.11297061404374646,0.11297061404374671
path_copies,1000000000000000000000000,0.0,112.72130904105042,0.11111111111111087,0.1111111111111111
path_copies,1000000000000000000000000,0.050000000000000266,112.77130904105042,0.10926703893774015,0.1092670389377402
path_copies,1000000000000000000000000,0.10000000000000009,112.82130904105041,0.10743877524439298,0.10743877524439292
path_copies,1000000000000000000000000,0.1499999999999999,112.87130904105042,0.1056266815109496,0.10562668151094995
path_copies,1000000000000000000000000,0.20000000000000018,112.92130904105042,0.10383110283761798,0.10383110283761826
path_copies,1000000000000000000000000,0.25,112.97130904105042,0.10205236783814076,0.10205236783814098
path_copies,1000000000000000000000000,0.30000000000000027,113.02130904105042,0.10029078856447489,0.10029078856447499
path_copies,1000000000000000000000000,0.3500000000000001,113.07130904105041,0.09854666046231131,0.09854666046231131
path_copies,1000000000000000000000000,0.40000000000000036,113.12130904105042,0.0968202623567298,0.09682026235673022
path_copies,1000000000000000000000000,0.4500000000000002,113.17130904105042,0.0951118564672065,0.09511185646720687
path_copies,1000000000000000000000000,0.5,113.22130904105042,0.09342168845111143,0.09342168845111157
path_copies,1000000000000000000000000,0.5500000000000003,113.27130904105042,0.09174998747478469,0.09174998747478479
path_copies,1000000000000000000000000,0.6000000000000001,113.32130904105041,0.09009696631120812,0.09009696631120806
path_copies,1000000000000000000000000,0.6500000000000004,113.37130904105042,0.08846282146323887,0.08846282146323932
path_copies,1000000000000000000000000,0.7000000000000002,113.42130904105042,0.08684773331133577,0.08684773331133605
path_copies,1000000000000000000000000,0.75,113.47130904105042,0.08525186628464831,0.08525186628464848
path_copies,1000000000000000000000000,0.8000000000000003,113.52130904105042,0.083675369054332,0.08367536905433207
path_copies,1000000000000000000000000,0.8500000000000001,113.57130904105041,0.082118374747901,0.08211837474790085
path_copies,1000000000000000000000000,0.9000000000000004,113.62130904105042,0.08058100118342033,0.08058100118342065
path_copies,1000000000000000000000000,0.9500000000000002,113.67130904105042,0.0790633511223257,0.07906335112232597
path_copies,1000000000000000000000000,1.0,113.72130904105042,0.07756551253963277,0.07756551253963288
path_copies,1000000000000000000000000,1.0500000000000003,113.77130904105042,0.07608755891031582,0.07608755891031582
path_copies,1000000000000000000000000,1.1,113.82130904105041,0.07462954951061573,0.07462954951061568
path_copies,1000000000000000000000000,1.1500000000000004,113.87130904105042,0.07319152973305061,0.07319152973305088
path_copies,1000000000000000000000000,1.2000000000000002,113.92130904105042,0.07177353141391303,0.0717735314139132
path_copies,1000000000000000000000000,1.25,113.97130904105042,0.07037557317204286,0.07037557317204311
path_copies,1000000000000000000000000,1.3000000000000003,114.02130904105042,0.06899766075769691,0.06899766075769687
path_copies,1000000000000000000000000,1.35,114.07130904105041,0.0676397874103396,0.06763978741033952
path_copies,1000000000000000000000000,1.4000000000000004,114.12130904105042,0.06630193422422141,0.06630193422422166
path_copies,1000000000000000000000000,1.4500000000000002,114.17130904105042,0.06498407052062653,0.0649840705206267
path_copies,1000000000000000000000000,1.5,114.22130904105042,0.06368615422570471,0.06368615422570474
path_copies,1000000000000000000000000,1.5500000000000003,114.27130904105042,0.06240813225284344,0.062408132252843404
path_copies,1000000000000000000000000,1.6,114.32130904105041,0.06114994088856052,0.06114994088856048
path_copies,1000000000000000000000000,1.6500000000000004,114.37130904105042,0.059911506180940544,0.0599115061809407
path_copies,1000000000000000000000000,1.7000000000000002,114.42130904105042,0.05869274432967764,0.05869274432967781
path_copies,1000000000000000000000000,1.75,114.47130904105042,0.05749356207682325,0.057493562076823275
path_copies,1000000000000000000000000,1.8000000000000003,114.52130904105042,0.05631385709738431,0.056313857097384366
path_copies,1000000000000000000000000,1.85,114.57130904105041,0.05515351838895629,0.05515351838895635
path_copies,1000000000000000000000000,1.9000000000000004,114.62130904105042,0.05401242665961603,0.05401242665961626
path_copies,1000000000000000000000000,1.9500000000000002,114.67130904105042,0.05289045471334908,0.05289045471334926
path_copies,1000000000000000000000000,2.0,114.72130904105042,0.05178746783232113,0.05178746783232121
path_copies,1000000000000000000000000,2.05,114.77130904105042,0.05070332415535509,0.05070332415535513
path_copies,1000000000000000000000000,2.1000000000000005,114.82130904105041,0.049637875052011816,0.049637875052011685
path_copies,1000000000000000000000000,2.1500000000000004,114.87130904105042,0.04859096549171656,0.04859096549171678
path_copies,1000000000000000000000000,2.2,114.92130904105042,0.047562434407421174,0.04756243440742134
path_copies,1000000000000000000000000,2.25,114.97130904105042,0.04655211505331976,0.046552115053319916
path_copies,1000000000000000000000000,2.3,115.02130904105042,0.04555983535619523,0.04555983535619526
path_copies,1000000000000000000000000,2.3500000000000005,115.07130904105041,0.044585418259995624,0.044585418259995575
path_copies,1000000000000000000000000,2.4000000000000004,115.12130904105042,0.04362868206328985,0.04362868206329001
path_copies,1000000000000000000000000,2.45,115.17130904105042,0.0426894407492849,0.04268944074928496
path_copies,1000000000000000000000000,2.5,115.22130904105042,0.04176750430812056,0.04176750430812073
path_copies,1000000000000000000000000,2.55,115.27130904105042,0.04086267905120219,0.040862679051202194
path_copies,1000000000000000000000000,2.6000000000000005,115.32130904105041,0.039974767917351585,0.039974767917351585
path_copies,1000000000000000000000000,2.6500000000000004,115.37130904105042,0.03910357077060289,0.039103570770602995
path_copies,1000000000000000000000000,2.7,115.42130904105042,0.03824888468948958,0.038248884689489615
path_copies,1000000000000000000000000,2.75,115.47130904105042,0.03741050424770368,0.03741050424770381
path_copies,1000000000000000000000000,2.8000000000000007,115.52130904105042,0.036588221786038044,0.036588221786038155
path_copies,1000000000000000000000000,2.8500000000000005,115.57130904105041,0.0357818276755418,0.03578182767554186
path_copies,1000000000000000000000000,2.9000000000000004,115.62130904105042,0.03499111057185211,0.03499111057185228
path_copies,1000000000000000000000000,2.95,115.67130904105042,0.03421585766068436,0.03421585766068445
path_copies,1000000000000000000000000,3.0,115.72130904105042,0.03345585489448381,0.03345585489448389
path_copies,1000000000000000000000000,3.0500000000000007,115.77130904105042,0.03271088722026838,0.03271088722026835
path_copies,1000000000000000000000000,3.1000000000000005,115.82130904105041,0.03198073879870367,0.0319807387987036
path_copies,1000000000000000000000000,3.1500000000000004,115.87130904105042,0.03126519321447585,0.031265193214476066
path_copies,1000000000000000000000000,3.2,115.92130904105042,0.030564033678041797,0.03056403367804188
path_copies,1000000000000000000000000,3.25,115.97130904105042,0.029877043218846728,0.029877043218846735
path_copies,1000000000000000000000000,3.3000000000000007,116.02130904105042,0.0292040048701252,0.02920400487012521
path_copies,1000000000000000000000000,3.3500000000000005,116.07130904105041,0.028544701845400883,0.02854470184540085
path_copies,1000000000000000000000000,3.4000000000000004,116.12130904105042,0.027898917706819404,0.027898917706819584
path_copies,1000000000000000000000000,3.45,116.17130904105042,0.02726643652545972,0.0272664365254598
path_copies,1000000000000000000000000,3.5,116.22130904105042,0.0266470430337713,0.02664704303377144
path_copies,1000000000000000000000000,3.5500000000000007,116.27130904105042,0.026040522770304664,0.02604052277030464
path_copies,1000000000000000000000000,3.6000000000000005,116.32130904105041,0.025446662216896287,0.02544666221689616
path_copies,1000000000000000000000000,3.6500000000000004,116.37130904105042,0.024865248928487144,0.024865248928487207
path_copies,1000000000000000000000000,3.7,116.42130904105042,0.024296071655752833,0.02429607165575289
path_copies,1000000000000000000000000,3.75,116.47130904105042,0.023738920460726714,0.023738920460726832
path_copies,1000000000000000000000000,3.8000000000000007,116.52130904105042,0.023193586825609236,0.02319358682560917
path_copies,1000000000000000000000000,3.8500000000000005,116.57130904105041,0.022659863754948512,0.022659863754948505
path_copies,1000000000000000000000000,3.9000000000000004,116.62130904105042,0.02213754587139083,0.02213754587139092
path_copies,1000000000000000000000000,3.95,116.67130904105042,0.021626429505190743,0.02162642950519085
path_copies,1000000000000000000000000,4.0,116.72130904105042,0.021126312777679217,0.021126312777679204
path_copies,100000000000000000000000000000000000000000000000000000000000000000000000000000000,-2.0,368.61083945638353,0.19203896158860964,0.19203896158860972
path_copies,100000000000000000000000000000000000000000000000000000000000000000000000000000000,-1.95,368.66083945638354,0.19000013621831732,0.19000013621831788
path_copies,100000000000000000000000000000000000000000000000000000000000000000000000000000000,-1.9,368.71083945638355,0.18795416278067067,0.18795416278067162
path_copies,100000000000000000000000000000000000000000000000000000000000000000000000000000000,-1.85,368.7608394563835,0.18590164618951985,0.18590164618951893
path_copies,100000000000000000000000000000000000000000000000000000000000000000000000000000000,-1.8,368.8108394563835,0.18384319933490398,0.1838431993349036
path_copies,100000000000000000000000000000000000000000000000000000000000000000000000000000000,-1.75,368.86083945638353,0.1817794423692097,0.18177944236920976
path_copies,100000000000000000000000000000000000000000000000000000000000000000000000000000000,-1.7,368.91083945638354,0.1797110019745515,0.17971100197455203
path_copies,100000000000000000000000000000000000000000000000000000000000000000000000000000000,-1.65,368.96083945638355,0.1776385106132056,0.17763851061320657
path_copies,100000000000000000000000000000000000000000000000000000000000000000000000000000000,-1.6,369.0108394563835,0.17556260576295632,0.1755626057629555
path_copies,100000000000000000000000000000000000000000000000000000000000000000000000000000000,-1.55,369.0608394563835,0.17348392913928423,0.17348392913928387
path_copies,100000000000000000000000000000000000000000000000000000000000000000000000000000000,-1.5,369.11083945638353,0.17140312590642712,0.17140312590642715
path_copies,100000000000000000000000000000000000000000000000000000000000000000000000000000000,-1.45,369.16083945638354,0.16932084387931612,0.1693208438793167
path_copies,100000000000000000000000000000000000000000000000000000000000000000000000000000000,-1.4,369.21083945638355,0.16723773271851292,0.16723773271851383
path_copies,100000000000000000000000000000000000000000000000000000000000000000000000000000000,-1.35,369.2608394563835,0.16515444312025304,0.16515444312025207
path_copies,100000000000000000000000000000000000000000000000000000000000000000000000000000000,-1.2999999999999998,369.3108394563835,0.16307162600373296,0.16307162600373248
path_copies,100000000000000000000000000000000000000000000000000000000000000000000000000000000,-1.25,369.36083945638353,0.16098993169782658,0.16098993169782663
path_copies,100000000000000000000000000000000000000000000000000000000000000000000000000000000,-1.2,369.41083945638354,0.15891000912934597,0.15891000912934658
path_copies,100000000000000000000000000000000000000000000000000000000000000000000000000000000,-1.15,369.46083945638355,0.1568325050150318,0.15683250501503282
path_copies,100000000000000000000000000000000000000000000000000000000000000000000000000000000,-1.1,369.5108394563835,0.15475806305939566,0.15475806305939482
path_copies,100000000000000000000000000000000000000000000000000000000000000000000000000000000,-1.0499999999999998,369.5608394563835,0.15268732316051267,0.1526873231605123
path_copies,100000000000000000000000000000000000000000000000000000000000000000000000000000000,-1.0,369.61083945638353,0.1506209206258687,0.1506209206258687
path_copies,100000000000000000000000000000000000000000000000000000000000000000000000000000000,-0.95,369.66083945638354,0.14855948540024308,0.14855948540024363
path_copies,100000000000000000000000000000000000000000000000000000000000000000000000000000000,-0.8999999999999999,369.71083945638355,0.14650364130763624,0.14650364130763727
path_copies,100000000000000000000000000000000000000000000000000000000000000000000000000000000,-0.8499999999999999,369.7608394563835,0.14445400530913602,0.14445400530913513
path_copies,100000000000000000000000000000000000000000000000000000000000000000000000000000000,-0.7999999999999998,369.8108394563835,0.14241118677855388,0.1424111867785534
path_copies,100000000000000000000000000000000000000000000000000000000000000000000000000000000,-0.75,369.86083945638353,0.14037578679762422,0.14037578679762433
path_copies,100000000000000000000000000000000000000000000000000000000000000000000000000000000,-0.7,369.91083945638354,0.13834839747239602,0.13834839747239655
path_copies,100000000000000000000000000000000000000000000000000000000000000000000000000000000,-0.6499999999999999,369.96083945638355,0.1363296012724322,0.1363296012724332
path_copies,100000000000000000000000000000000000000000000000000000000000000000000000000000000,-0.5999999999999999,370.0108394563835,0.13431997039429314,0.1343199703942922
path_copies,100000000000000000000000000000000000000000000000000000000000000000000000000000000,-0.5499999999999998,370.0608394563835,0.13232006615066952,0.13232006615066919
path_copies,100000000000000000000000000000000000000000000000000000000000000000000000000000000,-0.5,370.11083945638353,0.13033043838647718,0.13033043838647732
path_copies,100000000000000000000000000000000000000000000000000000000000000000000000000000000,-0.44999999999999996,370.16083945638354,0.1283516249230233,0.1283516249230238
path_copies,100000000000000000000000000000000000000000000000000000000000000000000000000000000,-0.3999999999999999,370.21083945638355,0.1263841510313286,0.1263841510313296
path_copies,100000000000000000000000000000000000000000000000000000000000000000000000000000000,-0.34999999999999987,370.2608394563835,0.1244285289355207,0.12442852893551996
path_copies,100000000000000000000000000000000000000000000000000000000000000000000000000000000,-0.2999999999999998,370.3108394563835,0.12248525734709433,0.12248525734709395
path_copies,100000000000000000000000000000000000000000000000000000000000000000000000000000000,-0.25,370.36083945638353,0.12055482103076039,0.12055482103076054
path_copies,100000000000000000000000000000000000000000000000000000000000000000000000000000000,-0.19999999999999996,370.41083945638354,0.1186376904024063,0.11863769040240674
path_copies,100000000000000000000000000000000000000000000000000000000000000000000000000000000,-0.1499999999999999,370.46083945638355,0.11673432115964284,0.11673432115964372
path_copies,100000000000000000000000000000000000000000000000000000000000000000000000000000000,-0.09999999999999987,370.5108394563835,0.11484515394525463,0.11484515394525384
path_copies,100000000000000000000000000000000000000000000000000000000000000000000000000000000,-0.04999999999999982,370.5608394563835,0.11297061404374704,0.11297061404374671
path_copies,100000000000000000000000000000000000000000000000000000000000000000000000000000000,0.0,370.61083945638353,0.11111111111111101,0.1111111111111111
path_copies,100000000000000000000000000000000000000000000000000000000000000000000000000000000,0.050000000000000266,370.66083945638354,0.10926703893773977,0.1092670389377402
path_copies,100000000000000000000000000000000000000000000000000000000000000000000000000000000,0.10000000000000009,370.71083945638355,0.10743877524439212,0.10743877524439292
path_copies,100000000000000000000000000000000000000000000000000000000000000000000000000000000,0.1499999999999999,370.7608394563835,0.10562668151095078,0.10562668151094995
path_copies,100000000000000000000000000000000000000000000000000000000000000000000000000000000,0.20000000000000018,370.8108394563835,0.10383110283761858,0.10383110283761826
path_copies,100000000000000000000000000000000000000000000000000000000000000000000000000000000,0.25,370.86083945638353,0.10205236783814091,0.10205236783814098
path_copies,100000000000000000000000000000000000000000000000000000000000000000000000000000000,0.30000000000000027,370.91083945638354,0.10029078856447453,0.10029078856447499
path_copies,100000000000000000000000000000000000000000000000000000000000000000000000000000000,0.3500000000000001,370.96083945638355,0.09854666046231042,0.09854666046231131
path_copies,100000000000000000000000000000000000000000000000000000000000000000000000000000000,0.40000000000000036,371.0108394563835,0.09682026235673098,0.09682026235673022
path_copies,100000000000000000000000000000000000000000000000000000000000000000000000000000000,0.4500000000000002,371.0608394563835,0.09511185646720728,0.09511185646720687
path_copies,100000000000000000000000000000000000000000000000000000000000000000000000000000000,0.5,371.11083945638353,0.0934216884511115,0.09342168845111157
path_copies,100000000000000000000000000000000000000000000000000000000000000000000000000000000,0.5500000000000003,371.16083945638354,0.0917499874747844,0.09174998747478479
path_copies,100000000000000000000000000000000000000000000000000000000000000000000000000000000,0.6000000000000001,371.21083945638355,0.09009696631120738,0.09009696631120806
path_copies,100000000000000000000000000000000000000000000000000000000000000000000000000000000,0.6500000000000004,371.2608394563835,0.08846282146323992,0.08846282146323932
path_copies,100000000000000000000000000000000000000000000000000000000000000000000000000000000,0.7000000000000002,371.3108394563835,0.08684773331133637,0.08684773331133605
path_copies,100000000000000000000000000000000000000000000000000000000000000000000000000000000,0.75,371.36083945638353,0.08525186628464843,0.08525186628464848
path_copies,100000000000000000000000000000000000000000000000000000000000000000000000000000000,0.8000000000000003,371.41083945638354,0.08367536905433164,0.08367536905433207
path_copies,100000000000000000000000000000000000000000000000000000000000000000000000000000000,0.8500000000000001,371.46083945638355,0.08211837474790011,0.08211837474790085
path_copies,100000000000000000000000000000000000000000000000000000000000000000000000000000000,0.9000000000000004,371.5108394563835,0.0805810011834213,0.08058100118342065
path_copies,100000000000000000000000000000000000000000000000000000000000000000000000000000000,0.9500000000000002,371.5608394563835,0.07906335112232636,0.07906335112232597
path_copies,100000000000000000000000000000000000000000000000000000000000000000000000000000000,1.0,371.61083945638353,0.07756551253963284,0.07756551253963288
path_copies,100000000000000000000000000000000000000000000000000000000000000000000000000000000,1.0500000000000003,371.66083945638354,0.07608755891031553,0.07608755891031582
path_copies,100000000000000000000000000000000000000000000000000000000000000000000000000000000,1.1,371.71083945638355,0.074629549510615,0.07462954951061568
path_copies,100000000000000000000000000000000000000000000000000000000000000000000000000000000,1.1500000000000004,371.7608394563835,0.0731915297330515,0.07319152973305088
path_copies,100000000000000000000000000000000000000000000000000000000000000000000000000000000,1.2000000000000002,371.8108394563835,0.07177353141391356,0.0717735314139132
path_copies,100000000000000000000000000000000000000000000000000000000000000000000000000000000,1.25,371.86083945638353,0.07037557317204308,0.07037557317204311
path_copies,100000000000000000000000000000000000000000000000000000000000000000000000000000000,1.3000000000000003,371.91083945638354,0.0689976607576966,0.06899766075769687
path_copies,100000000000000000000000000000000000000000000000000000000000000000000000000000000,1.35,371.96083945638355,0.06763978741033887,0.06763978741033952
path_copies,100000000000000000000000000000000000000000000000000000000000000000000000000000000,1.4000000000000004,372.0108394563835,0.0663019342242223,0.06630193422422166
path_copies,100000000000000000000000000000000000000000000000000000000000000000000000000000000,1.4500000000000002,372.0608394563835,0.06498407052062712,0.0649840705206267
path_copies,100000000000000000000000000000000000000000000000000000000000000000000000000000000,1.5,372.11083945638353,0.06368615422570471,0.06368615422570474
path_copies,100000000000000000000000000000000000000000000000000000000000000000000000000000000,1.5500000000000003,372.16083945638354,0.062408132252843064,0.062408132252843404
path_copies,100000000000000000000000000000000000000000000000000000000000000000000000000000000,1.6,372.21083945638355,0.06114994088855993,0.06114994088856048
path_copies,100000000000000000000000000000000000000000000000000000000000000000000000000000000,1.6500000000000004,372.2608394563835,0.059911506180941286,0.0599115061809407
path_copies,100000000000000000000000000000000000000000000000000000000000000000000000000000000,1.7000000000000002,372.3108394563835,0.05869274432967808,0.05869274432967781
path_copies,100000000000000000000000000000000000000000000000000000000000000000000000000000000,1.75,372.36083945638353,0.0574935620768234,0.057493562076823275
path_copies,100000000000000000000000000000000000000000000000000000000000000000000000000000000,1.8000000000000003,372.41083945638354,0.05631385709738401,0.056313857097384366
path_copies,100000000000000000000000000000000000000000000000000000000000000000000000000000000,1.85,372.46083945638355,0.055153518388955915,0.05515351838895635
path_copies,100000000000000000000000000000000000000000000000000000000000000000000000000000000,1.9000000000000004,372.5108394563835,0.05401242665961677,0.05401242665961626
path_copies,100000000000000000000000000000000000000000000000000000000000000000000000000000000,1.9500000000000002,372.5608394563835,0.05289045471334952,0.05289045471334926
path_copies,100000000000000000000000000000000000000000000000000000000000000000000000000000000,2.0,372.61083945638353,0.05178746783232121,0.05178746783232121
path_copies,100000000000000000000000000000000000000000000000000000000000000000000000000000000,2.05,372.66083945638354,0.0507033241553548,0.05070332415535513
path_copies,100000000000000000000000000000000000000000000000000000000000000000000000000000000,2.1000000000000005,372.71083945638355,0.04963787505201123,0.049637875052011685
path_copies,100000000000000000000000000000000000000000000000000000000000000000000000000000000,2.1500000000000004,372.7608394563835,0.04859096549171723,0.04859096549171678
path_copies,100000000000000000000000000000000000000000000000000000000000000000000000000000000,2.2,372.8108394563835,0.04756243440742155,0.04756243440742134
path_copies,100000000000000000000000000000000000000000000000000000000000000000000000000000000,2.25,372.86083945638353,0.046552115053319985,0.046552115053319916
path_copies,100000000000000000000000000000000000000000000000000000000000000000000000000000000,2.3,372.91083945638354,0.045559835356194935,0.04555983535619526
path_copies,100000000000000000000000000000000000000000000000000000000000000000000000000000000,2.3500000000000005,372.96083945638355,0.044585418259995256,0.044585418259995575
path_copies,100000000000000000000000000000000000000000000000000000000000000000000000000000000,2.4000000000000004,373.0108394563835,0.043628682063290514,0.04362868206329001
path_copies,100000000000000000000000000000000000000000000000000000000000000000000000000000000,2.45,373.0608394563835,0.04268944074928519,0.04268944074928496
path_copies,100000000000000000000000000000000000000000000000000000000000000000000000000000000,2.5,373.11083945638353,0.04176750430812078,0.04176750430812073
path_copies,100000000000000000000000000000000000000000000000000000000000000000000000000000000,2.55,373.16083945638354,0.040862679051202035,0.040862679051202194
path_copies,100000000000000000000000000000000000000000000000000000000000000000000000000000000,2.6000000000000005,373.21083945638355,0.03997476791735122,0.039974767917351585
path_copies,100000000000000000000000000000000000000000000000000000000000000000000000000000000,2.6500000000000004,373.2608394563835,0.03910357077060348,0.039103570770602995
path_copies,100000000000000000000000000000000000000000000000000000000000000000000000000000000,2.7,373.3108394563835,0.0382488846894898,0.038248884689489615
path_copies,100000000000000000000000000000000000000000000000000000000000000000000000000000000,2.75,373.36083945638353,0.0374105042477039,0.03741050424770381
path_copies,100000000000000000000000000000000000000000000000000000000000000000000000000000000,2.8000000000000007,373.41083945638354,0.036588221786038044,0.036588221786038155
path_copies,100000000000000000000000000000000000000000000000000000000000000000000000000000000,2.8500000000000005,373.46083945638355,0.0357818276755415,0.03578182767554186
path_copies,100000000000000000000000000000000000000000000000000000000000000000000000000000000,2.9000000000000004,373.5108394563835,0.034991110571852634,0.03499111057185228
path_copies,100000000000000000000000000000000000000000000000000000000000000000000000000000000,2.95,373.5608394563835,0.034215857660684725,0.03421585766068445
path_copies,100000000000000000000000000000000000000000000000000000000000000000000000000000000,3.0,373.61083945638353,0.03345585489448388,0.03345585489448389
path_copies,100000000000000000000000000000000000000000000000000000000000000000000000000000000,3.0500000000000007,373.66083945638354,0.032710887220268235,0.03271088722026835
path_copies,100000000000000000000000000000000000000000000000000000000000000000000000000000000,3.1000000000000005,373.71083945638355,0.0319807387987033,0.0319807387987036
path_copies,100000000000000000000000000000000000000000000000000000000000000000000000000000000,3.1500000000000004,373.7608394563835,0.03126519321447644,0.031265193214476066
path_copies,100000000000000000000000000000000000000000000000000000000000000000000000000000000,3.2,373.8108394563835,0.03056403367804202,0.03056403367804188
path_copies,100000000000000000000000000000000000000000000000000000000000000000000000000000000,3.25,373.86083945638353,0.029877043218846655,0.029877043218846735
path_copies,100000000000000000000000000000000000000000000000000000000000000000000000000000000,3.3000000000000007,373.91083945638354,0.02920400487012505,0.02920400487012521
path_copies,100000000000000000000000000000000000000000000000000000000000000000000000000000000,3.3500000000000005,373.96083945638355,0.02854470184540066,0.02854470184540085
path_copies,100000000000000000000000000000000000000000000000000000000000000000000000000000000,3.4000000000000004,374.0108394563835,0.02789891770681992,0.027898917706819584
path_copies,100000000000000000000000000000000000000000000000000000000000000000000000000000000,3.45,374.0608394563835,0.027266436525460014,0.0272664365254598
path_copies,100000000000000000000000000000000000000000000000000000000000000000000000000000000,3.5,374.11083945638353,0.026647043033771523,0.02664704303377144
path_copies,100000000000000000000000000000000000000000000000000000000000000000000000000000000,3.5500000000000007,374.16083945638354,0.026040522770304515,0.02604052277030464
path_copies,100000000000000000000000000000000000000000000000000000000000000000000000000000000,3.6000000000000005,374.21083945638355,0.025446662216895993,0.02544666221689616
path_copies,100000000000000000000000000000000000000000000000000000000000000000000000000000000,3.6500000000000004,374.2608394563835,0.024865248928487443,0.024865248928487207
path_copies,100000000000000000000000000000000000000000000000000000000000000000000000000000000,3.7,374.3108394563835,0.024296071655753055,0.02429607165575289
path_copies,100000000000000000000000000000000000000000000000000000000000000000000000000000000,3.75,374.36083945638353,0.023738920460726936,0.023738920460726832
path_copies,100000000000000000000000000000000000000000000000000000000000000000000000000000000,3.8000000000000007,374.41083945638354,0.023193586825609087,0.02319358682560917
path_copies,100000000000000000000000000000000000000000000000000000000000000000000000000000000,3.8500000000000005,374.46083945638355,0.022659863754948367,0.022659863754948505
path_copies,100000000000000000000000000000000000000000000000000000000000000000000000000000000,3.9000000000000004,374.5108394563835,0.0221375458713912,0.02213754587139092
path_copies,100000000000000000000000000000000000000000000000000000000000000000000000000000000,3.95,374.5608394563835,0.021626429505191114,0.02162642950519085
path_copies,100000000000000000000000000000000000000000000000000000000000000000000000000000000,4.0,374.61083945638353,0.021126312777679217,0.021126312777679204
